filename,folder
ISIC_0000000.jpg,Clean
ISIC_0000001.jpg,Clean
ISIC_0000002.jpg,Clean
ISIC_0000003.jpg,Clean
ISIC_0000006.jpg,Clean
ISIC_0000007.jpg,Clean
ISIC_0000008.jpg,Clean
ISIC_0000009.jpg,Clean
ISIC_0000010.jpg,Clean
ISIC_0000011.jpg,Clean
ISIC_0000012.jpg,Clean
ISIC_0000013.jpg,Clean
ISIC_0000014.jpg,Clean
ISIC_0000015.jpg,Clean
ISIC_0000016.jpg,Clean
ISIC_0000017_downsampled.jpg,Clean
ISIC_0000018_downsampled.jpg,Clean
ISIC_0000019_downsampled.jpg,Clean
ISIC_0000020_downsampled.jpg,Clean
ISIC_0000021_downsampled.jpg,Clean
ISIC_0000022_downsampled.jpg,Clean
ISIC_0000023_downsampled.jpg,Clean
ISIC_0000024_downsampled.jpg,Clean
ISIC_0000025_downsampled.jpg,Clean
ISIC_0000026_downsampled.jpg,Clean
ISIC_0000027_downsampled.jpg,Clean
ISIC_0000028_downsampled.jpg,Clean
ISIC_0000029_downsampled.jpg,Clean
ISIC_0000030_downsampled.jpg,Clean
ISIC_0000031_downsampled.jpg,Clean
ISIC_0000032_downsampled.jpg,Clean
ISIC_0000034_downsampled.jpg,Clean
ISIC_0000035_downsampled.jpg,Clean
ISIC_0000037_downsampled.jpg,Clean
ISIC_0000038_downsampled.jpg,Clean
ISIC_0000039_downsampled.jpg,Clean
ISIC_0000040_downsampled.jpg,Clean
ISIC_0000041_downsampled.jpg,Clean
ISIC_0000042_downsampled.jpg,Clean
ISIC_0000043_downsampled.jpg,Clean
ISIC_0000044_downsampled.jpg,Clean
ISIC_0000045_downsampled.jpg,Clean
ISIC_0000046_downsampled.jpg,Clean
ISIC_0000047_downsampled.jpg,Clean
ISIC_0000048_downsampled.jpg,Clean
ISIC_0000049_downsampled.jpg,Clean
ISIC_0000050_downsampled.jpg,Clean
ISIC_0000051_downsampled.jpg,Clean
ISIC_0000052_downsampled.jpg,Clean
ISIC_0000053_downsampled.jpg,Clean
ISIC_0000054_downsampled.jpg,Clean
ISIC_0000055_downsampled.jpg,Clean
ISIC_0000056_downsampled.jpg,Clean
ISIC_0000057_downsampled.jpg,Clean
ISIC_0000058_downsampled.jpg,Clean
ISIC_0000059_downsampled.jpg,Clean
ISIC_0000060_downsampled.jpg,Clean
ISIC_0000061_downsampled.jpg,Clean
ISIC_0000062_downsampled.jpg,Clean
ISIC_0000063_downsampled.jpg,Clean
ISIC_0000064_downsampled.jpg,Clean
ISIC_0000065_downsampled.jpg,Clean
ISIC_0000066.jpg,Clean
ISIC_0000067.jpg,Clean
ISIC_0000068.jpg,Clean
ISIC_0000069.jpg,Clean
ISIC_0000072.jpg,Clean
ISIC_0000073.jpg,Clean
ISIC_0000074.jpg,Clean
ISIC_0000075.jpg,Clean
ISIC_0000077_downsampled.jpg,Clean
ISIC_0000078_downsampled.jpg,Clean
ISIC_0000079_downsampled.jpg,Clean
ISIC_0000081_downsampled.jpg,Clean
ISIC_0000082_downsampled.jpg,Clean
ISIC_0000087_downsampled.jpg,Clean
ISIC_0000088_downsampled.jpg,Clean
ISIC_0000089_downsampled.jpg,Clean
ISIC_0000092_downsampled.jpg,Clean
ISIC_0000096_downsampled.jpg,Clean
ISIC_0000103_downsampled.jpg,Clean
ISIC_0000108_downsampled.jpg,Clean
ISIC_0000109_downsampled.jpg,Clean
ISIC_0000113_downsampled.jpg,Clean
ISIC_0000116_downsampled.jpg,Clean
ISIC_0000119_downsampled.jpg,Clean
ISIC_0000120_downsampled.jpg,Clean
ISIC_0000121_downsampled.jpg,Clean
ISIC_0000124_downsampled.jpg,Clean
ISIC_0000127_downsampled.jpg,Clean
ISIC_0000130_downsampled.jpg,Clean
ISIC_0000135_downsampled.jpg,Clean
ISIC_0000136_downsampled.jpg,Clean
ISIC_0000138_downsampled.jpg,Clean
ISIC_0000139_downsampled.jpg,Clean
ISIC_0000141_downsampled.jpg,Clean
ISIC_0000142_downsampled.jpg,Clean
ISIC_0000143_downsampled.jpg,Clean
ISIC_0000147_downsampled.jpg,Clean
ISIC_0000148_downsampled.jpg,Clean
ISIC_0000151_downsampled.jpg,Clean
ISIC_0000153_downsampled.jpg,Clean
ISIC_0000157.jpg,Clean
ISIC_0000159.jpg,Clean
ISIC_0000160.jpg,Clean
ISIC_0000161.jpg,Clean
ISIC_0000162.jpg,Clean
ISIC_0000163.jpg,Clean
ISIC_0000164.jpg,Clean
ISIC_0000165.jpg,Clean
ISIC_0000166.jpg,Clean
ISIC_0000167.jpg,Clean
ISIC_0000169.jpg,Clean
ISIC_0000170.jpg,Clean
ISIC_0000172.jpg,Clean
ISIC_0000173.jpg,Clean
ISIC_0000174.jpg,Clean
ISIC_0000175.jpg,Clean
ISIC_0000177_downsampled.jpg,Clean
ISIC_0000179_downsampled.jpg,Clean
ISIC_0000181_downsampled.jpg,Clean
ISIC_0000182_downsampled.jpg,Clean
ISIC_0000183_downsampled.jpg,Clean
ISIC_0000184_downsampled.jpg,Clean
ISIC_0000185_downsampled.jpg,Clean
ISIC_0000186_downsampled.jpg,Clean
ISIC_0000187.jpg,Clean
ISIC_0000188_downsampled.jpg,Clean
ISIC_0000189_downsampled.jpg,Clean
ISIC_0000190.jpg,Clean
ISIC_0000191_downsampled.jpg,Clean
ISIC_0000192_downsampled.jpg,Clean
ISIC_0000193_downsampled.jpg,Clean
ISIC_0000195_downsampled.jpg,Clean
ISIC_0000196_downsampled.jpg,Clean
ISIC_0000197_downsampled.jpg,Clean
ISIC_0000198.jpg,Clean
ISIC_0000199.jpg,Clean
ISIC_0000200.jpg,Clean
ISIC_0000201_downsampled.jpg,Clean
ISIC_0000202_downsampled.jpg,Clean
ISIC_0000203_downsampled.jpg,Clean
ISIC_0000204_downsampled.jpg,Clean
ISIC_0000205_downsampled.jpg,Clean
ISIC_0000206_downsampled.jpg,Clean
ISIC_0000207_downsampled.jpg,Clean
ISIC_0000208_downsampled.jpg,Clean
ISIC_0000209.jpg,Clean
ISIC_0000210.jpg,Clean
ISIC_0000211.jpg,Clean
ISIC_0000212.jpg,Clean
ISIC_0000213.jpg,Clean
ISIC_0000214.jpg,Clean
ISIC_0000215.jpg,Clean
ISIC_0000216.jpg,Clean
ISIC_0000217.jpg,Clean
ISIC_0000218_downsampled.jpg,Clean
ISIC_0000219.jpg,Clean
ISIC_0000220.jpg,Clean
ISIC_0000221.jpg,Clean
ISIC_0000222.jpg,Clean
ISIC_0000223.jpg,Clean
ISIC_0000224.jpg,Clean
ISIC_0000225.jpg,Clean
ISIC_0000226.jpg,Clean
ISIC_0000227.jpg,Clean
ISIC_0000228.jpg,Clean
ISIC_0000229.jpg,Clean
ISIC_0000230.jpg,Clean
ISIC_0000231.jpg,Clean
ISIC_0000232.jpg,Clean
ISIC_0000233.jpg,Clean
ISIC_0000234.jpg,Clean
ISIC_0000235.jpg,Clean
ISIC_0000236.jpg,Clean
ISIC_0000237.jpg,Clean
ISIC_0000239.jpg,Clean
ISIC_0000242.jpg,Clean
ISIC_0000243.jpg,Clean
ISIC_0000244.jpg,Clean
ISIC_0000245.jpg,Clean
ISIC_0000246.jpg,Clean
ISIC_0000247.jpg,Clean
ISIC_0000250.jpg,Clean
ISIC_0000251.jpg,Clean
ISIC_0000253.jpg,Clean
ISIC_0000254.jpg,Clean
ISIC_0000255.jpg,Clean
ISIC_0000256.jpg,Clean
ISIC_0000260.jpg,Clean
ISIC_0000261.jpg,Clean
ISIC_0000262.jpg,Clean
ISIC_0000263.jpg,Clean
ISIC_0000264.jpg,Clean
ISIC_0000265.jpg,Clean
ISIC_0000271.jpg,Clean
ISIC_0000278.jpg,Clean
ISIC_0000288.jpg,Clean
ISIC_0000294.jpg,Clean
ISIC_0000295.jpg,Clean
ISIC_0000297.jpg,Clean
ISIC_0000298.jpg,Clean
ISIC_0000299.jpg,Clean
ISIC_0000300.jpg,Clean
ISIC_0000301.jpg,Clean
ISIC_0000302.jpg,Clean
ISIC_0000303.jpg,Clean
ISIC_0000306.jpg,Clean
ISIC_0000307.jpg,Clean
ISIC_0000310.jpg,Clean
ISIC_0000311.jpg,Clean
ISIC_0000313.jpg,Clean
ISIC_0000314.jpg,Clean
ISIC_0000315.jpg,Clean
ISIC_0000316.jpg,Clean
ISIC_0000317.jpg,Clean
ISIC_0000319.jpg,Clean
ISIC_0000320.jpg,Clean
ISIC_0000321.jpg,Clean
ISIC_0000322.jpg,Clean
ISIC_0000323.jpg,Clean
ISIC_0000324.jpg,Clean
ISIC_0000325.jpg,Clean
ISIC_0000326.jpg,Clean
ISIC_0000327.jpg,Clean
ISIC_0000328.jpg,Clean
ISIC_0000329.jpg,Clean
ISIC_0000330.jpg,Clean
ISIC_0000331.jpg,Clean
ISIC_0000332.jpg,Clean
ISIC_0000333.jpg,Clean
ISIC_0000336.jpg,Clean
ISIC_0000337.jpg,Clean
ISIC_0000338.jpg,Clean
ISIC_0000339.jpg,Clean
ISIC_0000340.jpg,Clean
ISIC_0000341.jpg,Clean
ISIC_0000342.jpg,Clean
ISIC_0000343.jpg,Clean
ISIC_0000344.jpg,Clean
ISIC_0000345.jpg,Clean
ISIC_0000346.jpg,Clean
ISIC_0000347.jpg,Clean
ISIC_0000348.jpg,Clean
ISIC_0000349.jpg,Clean
ISIC_0000350.jpg,Clean
ISIC_0000351.jpg,Clean
ISIC_0000352.jpg,Clean
ISIC_0000353.jpg,Clean
ISIC_0000354.jpg,Clean
ISIC_0000355.jpg,Clean
ISIC_0000357.jpg,Clean
ISIC_0000358.jpg,Clean
ISIC_0000359.jpg,Clean
ISIC_0000360.jpg,Clean
ISIC_0000361.jpg,Clean
ISIC_0000363.jpg,Clean
ISIC_0000364.jpg,Clean
ISIC_0000365.jpg,Clean
ISIC_0000366.jpg,Clean
ISIC_0000367.jpg,Clean
ISIC_0000368.jpg,Clean
ISIC_0000369.jpg,Clean
ISIC_0000370.jpg,Clean
ISIC_0000371.jpg,Clean
ISIC_0000372.jpg,Clean
ISIC_0000374.jpg,Clean
ISIC_0000376_downsampled.jpg,Clean
ISIC_0000377_downsampled.jpg,Clean
ISIC_0000378_downsampled.jpg,Clean
ISIC_0000380_downsampled.jpg,Clean
ISIC_0000381_downsampled.jpg,Clean
ISIC_0000382_downsampled.jpg,Clean
ISIC_0000383_downsampled.jpg,Clean
ISIC_0000384_downsampled.jpg,Clean
ISIC_0000385_downsampled.jpg,Clean
ISIC_0000388_downsampled.jpg,Clean
ISIC_0000390_downsampled.jpg,Clean
ISIC_0000392_downsampled.jpg,Clean
ISIC_0000393_downsampled.jpg,Clean
ISIC_0000397_downsampled.jpg,Clean
ISIC_0000410_downsampled.jpg,Clean
ISIC_0000412_downsampled.jpg,Clean
ISIC_0000416_downsampled.jpg,Clean
ISIC_0000419_downsampled.jpg,Clean
ISIC_0000421_downsampled.jpg,Clean
ISIC_0000423_downsampled.jpg,Clean
ISIC_0000426_downsampled.jpg,Clean
ISIC_0000427_downsampled.jpg,Clean
ISIC_0000431_downsampled.jpg,Clean
ISIC_0000433_downsampled.jpg,Clean
ISIC_0000434_downsampled.jpg,Clean
ISIC_0000451_downsampled.jpg,Clean
ISIC_0000453_downsampled.jpg,Clean
ISIC_0000455_downsampled.jpg,Clean
ISIC_0000457_downsampled.jpg,Clean
ISIC_0000461.jpg,Clean
ISIC_0000463_downsampled.jpg,Clean
ISIC_0000465.jpg,Clean
ISIC_0000466.jpg,Clean
ISIC_0000467.jpg,Clean
ISIC_0000468.jpg,Clean
ISIC_0000470.jpg,Clean
ISIC_0000471.jpg,Clean
ISIC_0000474.jpg,Clean
ISIC_0000475.jpg,Clean
ISIC_0000476.jpg,Clean
ISIC_0000477.jpg,Clean
ISIC_0000478.jpg,Clean
ISIC_0000479.jpg,Clean
ISIC_0000481.jpg,Clean
ISIC_0000482.jpg,Clean
ISIC_0000483.jpg,Clean
ISIC_0000484.jpg,Clean
ISIC_0000485.jpg,Clean
ISIC_0000486.jpg,Clean
ISIC_0000489.jpg,Clean
ISIC_0000490.jpg,Clean
ISIC_0000491.jpg,Clean
ISIC_0000493.jpg,Clean
ISIC_0000495.jpg,Clean
ISIC_0000496.jpg,Clean
ISIC_0000498.jpg,Clean
ISIC_0000501.jpg,Clean
ISIC_0000503.jpg,Clean
ISIC_0000508.jpg,Clean
ISIC_0000509.jpg,Clean
ISIC_0000510.jpg,Clean
ISIC_0000511.jpg,Clean
ISIC_0000514.jpg,Clean
ISIC_0000515.jpg,Clean
ISIC_0000517.jpg,Clean
ISIC_0000518.jpg,Clean
ISIC_0000522.jpg,Clean
ISIC_0000523.jpg,Clean
ISIC_0000524.jpg,Clean
ISIC_0000527.jpg,Clean
ISIC_0000529_downsampled.jpg,Clean
ISIC_0000532.jpg,Clean
ISIC_0000533.jpg,Clean
ISIC_0000534.jpg,Clean
ISIC_0000537.jpg,Clean
ISIC_0000538.jpg,Clean
ISIC_0000539.jpg,Clean
ISIC_0000540.jpg,Clean
ISIC_0000541.jpg,Clean
ISIC_0000542.jpg,Clean
ISIC_0000543.jpg,Clean
ISIC_0000544.jpg,Clean
ISIC_0000545.jpg,Clean
ISIC_0000546.jpg,Clean
ISIC_0000549.jpg,Clean
ISIC_0000551.jpg,Clean
ISIC_0000552.jpg,Clean
ISIC_0000556.jpg,Clean
ISIC_0000882_downsampled.jpg,Clean
ISIC_0000900_downsampled.jpg,Clean
ISIC_0000999_downsampled.jpg,Clean
ISIC_0001103_downsampled.jpg,Clean
ISIC_0001106_downsampled.jpg,Clean
ISIC_0001126_downsampled.jpg,Clean
ISIC_0001140_downsampled.jpg,Clean
ISIC_0001148_downsampled.jpg,Clean
ISIC_0001152_downsampled.jpg,Clean
ISIC_0001163_downsampled.jpg,Clean
ISIC_0001181_downsampled.jpg,Clean
ISIC_0001184_downsampled.jpg,Clean
ISIC_0001185_downsampled.jpg,Clean
ISIC_0001186_downsampled.jpg,Clean
ISIC_0001187_downsampled.jpg,Clean
ISIC_0001188_downsampled.jpg,Clean
ISIC_0001190_downsampled.jpg,Clean
ISIC_0001191_downsampled.jpg,Clean
ISIC_0001204_downsampled.jpg,Clean
ISIC_0001212_downsampled.jpg,Clean
ISIC_0001213_downsampled.jpg,Clean
ISIC_0001216_downsampled.jpg,Clean
ISIC_0001242_downsampled.jpg,Clean
ISIC_0001247_downsampled.jpg,Clean
ISIC_0001254_downsampled.jpg,Clean
ISIC_0001262_downsampled.jpg,Clean
ISIC_0001267_downsampled.jpg,Clean
ISIC_0001275_downsampled.jpg,Clean
ISIC_0001286_downsampled.jpg,Clean
ISIC_0001292_downsampled.jpg,Clean
ISIC_0001296_downsampled.jpg,Clean
ISIC_0001299_downsampled.jpg,Clean
ISIC_0001306_downsampled.jpg,Clean
ISIC_0001367_downsampled.jpg,Clean
ISIC_0001372_downsampled.jpg,Clean
ISIC_0001374_downsampled.jpg,Clean
ISIC_0001385_downsampled.jpg,Clean
ISIC_0001423_downsampled.jpg,Clean
ISIC_0001427_downsampled.jpg,Clean
ISIC_0001442_downsampled.jpg,Clean
ISIC_0001449_downsampled.jpg,Clean
ISIC_0001769_downsampled.jpg,Clean
ISIC_0001852_downsampled.jpg,Clean
ISIC_0001871_downsampled.jpg,Clean
ISIC_0001960_downsampled.jpg,Clean
ISIC_0002093_downsampled.jpg,Clean
ISIC_0002107_downsampled.jpg,Clean
ISIC_0002206_downsampled.jpg,Clean
ISIC_0002246_downsampled.jpg,Clean
ISIC_0002251_downsampled.jpg,Clean
ISIC_0002287_downsampled.jpg,Clean
ISIC_0002353_downsampled.jpg,Clean
ISIC_0002374_downsampled.jpg,Clean
ISIC_0002438_downsampled.jpg,Clean
ISIC_0002439_downsampled.jpg,Clean
ISIC_0002453_downsampled.jpg,Clean
ISIC_0002459_downsampled.jpg,Clean
ISIC_0002469_downsampled.jpg,Clean
ISIC_0002476_downsampled.jpg,Clean
ISIC_0002488_downsampled.jpg,Clean
ISIC_0002489_downsampled.jpg,Clean
ISIC_0002616_downsampled.jpg,Clean
ISIC_0002647_downsampled.jpg,Clean
ISIC_0002673_downsampled.jpg,Clean
ISIC_0002780_downsampled.jpg,Clean
ISIC_0002806_downsampled.jpg,Clean
ISIC_0002829_downsampled.jpg,Clean
ISIC_0002836_downsampled.jpg,Clean
ISIC_0002871_downsampled.jpg,Clean
ISIC_0002879_downsampled.jpg,Clean
ISIC_0002885_downsampled.jpg,Clean
ISIC_0002948_downsampled.jpg,Clean
ISIC_0002975_downsampled.jpg,Clean
ISIC_0002976_downsampled.jpg,Clean
ISIC_0003005_downsampled.jpg,Clean
ISIC_0003051_downsampled.jpg,Clean
ISIC_0003056_downsampled.jpg,Clean
ISIC_0003174_downsampled.jpg,Clean
ISIC_0003308_downsampled.jpg,Clean
ISIC_0003346_downsampled.jpg,Clean
ISIC_0003462_downsampled.jpg,Clean
ISIC_0003539_downsampled.jpg,Clean
ISIC_0003559_downsampled.jpg,Clean
ISIC_0003582_downsampled.jpg,Clean
ISIC_0003657_downsampled.jpg,Clean
ISIC_0003728_downsampled.jpg,Clean
ISIC_0003805_downsampled.jpg,Clean
ISIC_0004110_downsampled.jpg,Clean
ISIC_0004115_downsampled.jpg,Clean
ISIC_0004166_downsampled.jpg,Clean
ISIC_0004168_downsampled.jpg,Clean
ISIC_0004309_downsampled.jpg,Clean
ISIC_0004337_downsampled.jpg,Clean
ISIC_0004346_downsampled.jpg,Clean
ISIC_0004715_downsampled.jpg,Clean
ISIC_0004985_downsampled.jpg,Clean
ISIC_0005000_downsampled.jpg,Clean
ISIC_0005187_downsampled.jpg,Clean
ISIC_0005247_downsampled.jpg,Clean
ISIC_0005548_downsampled.jpg,Clean
ISIC_0005555_downsampled.jpg,Clean
ISIC_0005564_downsampled.jpg,Clean
ISIC_0005620_downsampled.jpg,Clean
ISIC_0005639_downsampled.jpg,Clean
ISIC_0005666_downsampled.jpg,Clean
ISIC_0005787_downsampled.jpg,Clean
ISIC_0006021_downsampled.jpg,Clean
ISIC_0006114_downsampled.jpg,Clean
ISIC_0006193_downsampled.jpg,Clean
ISIC_0006326_downsampled.jpg,Clean
ISIC_0006350_downsampled.jpg,Clean
ISIC_0006612_downsampled.jpg,Clean
ISIC_0006651_downsampled.jpg,Clean
ISIC_0006671_downsampled.jpg,Clean
ISIC_0006711_downsampled.jpg,Clean
ISIC_0006776_downsampled.jpg,Clean
ISIC_0006795_downsampled.jpg,Clean
ISIC_0006800_downsampled.jpg,Clean
ISIC_0006815_downsampled.jpg,Clean
ISIC_0006914_downsampled.jpg,Clean
ISIC_0006940_downsampled.jpg,Clean
ISIC_0006982_downsampled.jpg,Clean
ISIC_0007038_downsampled.jpg,Clean
ISIC_0007087_downsampled.jpg,Clean
ISIC_0007141_downsampled.jpg,Clean
ISIC_0007156_downsampled.jpg,Clean
ISIC_0007235_downsampled.jpg,Clean
ISIC_0007241_downsampled.jpg,Clean
ISIC_0007322_downsampled.jpg,Clean
ISIC_0007332_downsampled.jpg,Clean
ISIC_0007344_downsampled.jpg,Clean
ISIC_0007475_downsampled.jpg,Clean
ISIC_0007528_downsampled.jpg,Clean
ISIC_0007557_downsampled.jpg,Clean
ISIC_0007693_downsampled.jpg,Clean
ISIC_0007760_downsampled.jpg,Clean
ISIC_0007788_downsampled.jpg,Clean
ISIC_0007796_downsampled.jpg,Clean
ISIC_0008025_downsampled.jpg,Clean
ISIC_0008029_downsampled.jpg,Clean
ISIC_0008116_downsampled.jpg,Clean
ISIC_0008145_downsampled.jpg,Clean
ISIC_0008207_downsampled.jpg,Clean
ISIC_0008236_downsampled.jpg,Clean
ISIC_0008256_downsampled.jpg,Clean
ISIC_0008280_downsampled.jpg,Clean
ISIC_0008294_downsampled.jpg,Clean
ISIC_0008347_downsampled.jpg,Clean
ISIC_0008396_downsampled.jpg,Clean
ISIC_0008403_downsampled.jpg,Clean
ISIC_0008406_downsampled.jpg,Clean
ISIC_0008507_downsampled.jpg,Clean
ISIC_0008524_downsampled.jpg,Clean
ISIC_0008528_downsampled.jpg,Clean
ISIC_0008541_downsampled.jpg,Clean
ISIC_0008552_downsampled.jpg,Clean
ISIC_0008600_downsampled.jpg,Clean
ISIC_0008626_downsampled.jpg,Clean
ISIC_0008659_downsampled.jpg,Clean
ISIC_0008785_downsampled.jpg,Clean
ISIC_0008807_downsampled.jpg,Clean
ISIC_0008879_downsampled.jpg,Clean
ISIC_0008913_downsampled.jpg,Clean
ISIC_0008992_downsampled.jpg,Clean
ISIC_0008993_downsampled.jpg,Clean
ISIC_0008998_downsampled.jpg,Clean
ISIC_0009035_downsampled.jpg,Clean
ISIC_0009078_downsampled.jpg,Clean
ISIC_0009083_downsampled.jpg,Clean
ISIC_0009160_downsampled.jpg,Clean
ISIC_0009165_downsampled.jpg,Clean
ISIC_0009188_downsampled.jpg,Clean
ISIC_0009201_downsampled.jpg,Clean
ISIC_0009252_downsampled.jpg,Clean
ISIC_0009297_downsampled.jpg,Clean
ISIC_0009298_downsampled.jpg,Clean
ISIC_0009344_downsampled.jpg,Clean
ISIC_0009430_downsampled.jpg,Clean
ISIC_0009504_downsampled.jpg,Clean
ISIC_0009505_downsampled.jpg,Clean
ISIC_0009533_downsampled.jpg,Clean
ISIC_0009564_downsampled.jpg,Clean
ISIC_0009583_downsampled.jpg,Clean
ISIC_0009599_downsampled.jpg,Clean
ISIC_0009758_downsampled.jpg,Clean
ISIC_0009800_downsampled.jpg,Clean
ISIC_0009860_downsampled.jpg,Clean
ISIC_0009868.jpg,Clean
ISIC_0009871.jpg,Clean
ISIC_0009874.jpg,Clean
ISIC_0009875.jpg,Clean
ISIC_0009877.jpg,Clean
ISIC_0009879.jpg,Clean
ISIC_0009882.jpg,Clean
ISIC_0009883.jpg,Clean
ISIC_0009895.jpg,Clean
ISIC_0009897.jpg,Clean
ISIC_0009901.jpg,Clean
ISIC_0009902.jpg,Clean
ISIC_0009904.jpg,Clean
ISIC_0009905.jpg,Clean
ISIC_0009906.jpg,Clean
ISIC_0009909.jpg,Clean
ISIC_0009910.jpg,Clean
ISIC_0009911.jpg,Clean
ISIC_0009914.jpg,Clean
ISIC_0009915.jpg,Clean
ISIC_0009919.jpg,Clean
ISIC_0009920.jpg,Clean
ISIC_0009921.jpg,Clean
ISIC_0009923.jpg,Clean
ISIC_0009928.jpg,Clean
ISIC_0009931.jpg,Clean
ISIC_0009932.jpg,Clean
ISIC_0009933.jpg,Clean
ISIC_0009934.jpg,Clean
ISIC_0009935.jpg,Clean
ISIC_0009936.jpg,Clean
ISIC_0009937.jpg,Clean
ISIC_0009940.jpg,Clean
ISIC_0009941.jpg,Clean
ISIC_0009944.jpg,Clean
ISIC_0009950.jpg,Clean
ISIC_0009951.jpg,Clean
ISIC_0009953.jpg,Clean
ISIC_0009958.jpg,Clean
ISIC_0009960.jpg,Clean
ISIC_0009962.jpg,Clean
ISIC_0009963.jpg,Clean
ISIC_0009964.jpg,Clean
ISIC_0009965.jpg,Clean
ISIC_0009968.jpg,Clean
ISIC_0009969.jpg,Clean
ISIC_0009970.jpg,Clean
ISIC_0009975.jpg,Clean
ISIC_0009977.jpg,Clean
ISIC_0009978.jpg,Clean
ISIC_0009980.jpg,Clean
ISIC_0009987.jpg,Clean
ISIC_0009988.jpg,Clean
ISIC_0009990.jpg,Clean
ISIC_0009991.jpg,Clean
ISIC_0009993.jpg,Clean
ISIC_0009995.jpg,Clean
ISIC_0009998.jpg,Clean
ISIC_0010000.jpg,Clean
ISIC_0010002.jpg,Clean
ISIC_0010009.jpg,Clean
ISIC_0010010.jpg,Clean
ISIC_0010017.jpg,Clean
ISIC_0010018.jpg,Clean
ISIC_0010019.jpg,Clean
ISIC_0010020.jpg,Clean
ISIC_0010022.jpg,Clean
ISIC_0010023.jpg,Clean
ISIC_0010024.jpg,Clean
ISIC_0010028.jpg,Clean
ISIC_0010034.jpg,Clean
ISIC_0010036.jpg,Clean
ISIC_0010037.jpg,Clean
ISIC_0010038.jpg,Clean
ISIC_0010040.jpg,Clean
ISIC_0010041.jpg,Clean
ISIC_0010042.jpg,Clean
ISIC_0010046.jpg,Clean
ISIC_0010053.jpg,Clean
ISIC_0010054.jpg,Clean
ISIC_0010055.jpg,Clean
ISIC_0010056.jpg,Clean
ISIC_0010057.jpg,Clean
ISIC_0010058.jpg,Clean
ISIC_0010061.jpg,Clean
ISIC_0010062.jpg,Clean
ISIC_0010063.jpg,Clean
ISIC_0010064.jpg,Clean
ISIC_0010066.jpg,Clean
ISIC_0010067.jpg,Clean
ISIC_0010069.jpg,Clean
ISIC_0010070.jpg,Clean
ISIC_0010071.jpg,Clean
ISIC_0010073.jpg,Clean
ISIC_0010074.jpg,Clean
ISIC_0010078.jpg,Clean
ISIC_0010079.jpg,Clean
ISIC_0010080.jpg,Clean
ISIC_0010086.jpg,Clean
ISIC_0010087.jpg,Clean
ISIC_0010088.jpg,Clean
ISIC_0010090.jpg,Clean
ISIC_0010093.jpg,Clean
ISIC_0010094.jpg,Clean
ISIC_0010100.jpg,Clean
ISIC_0010102.jpg,Clean
ISIC_0010105.jpg,Clean
ISIC_0010168.jpg,Clean
ISIC_0010169.jpg,Clean
ISIC_0010170.jpg,Clean
ISIC_0010175.jpg,Clean
ISIC_0010180.jpg,Clean
ISIC_0010182.jpg,Clean
ISIC_0010185.jpg,Clean
ISIC_0010186.jpg,Clean
ISIC_0010187.jpg,Clean
ISIC_0010189.jpg,Clean
ISIC_0010190.jpg,Clean
ISIC_0010191.jpg,Clean
ISIC_0010192.jpg,Clean
ISIC_0010193.jpg,Clean
ISIC_0010201.jpg,Clean
ISIC_0010202.jpg,Clean
ISIC_0010204.jpg,Clean
ISIC_0010205.jpg,Clean
ISIC_0010206.jpg,Clean
ISIC_0010212.jpg,Clean
ISIC_0010213.jpg,Clean
ISIC_0010215.jpg,Clean
ISIC_0010222.jpg,Clean
ISIC_0010225.jpg,Clean
ISIC_0010226.jpg,Clean
ISIC_0010228.jpg,Clean
ISIC_0010232.jpg,Clean
ISIC_0010234.jpg,Clean
ISIC_0010235.jpg,Clean
ISIC_0010239.jpg,Clean
ISIC_0010246.jpg,Clean
ISIC_0010248.jpg,Clean
ISIC_0010249.jpg,Clean
ISIC_0010252.jpg,Clean
ISIC_0010255.jpg,Clean
ISIC_0010256.jpg,Clean
ISIC_0010257.jpg,Clean
ISIC_0010262.jpg,Clean
ISIC_0010264.jpg,Clean
ISIC_0010265.jpg,Clean
ISIC_0010319.jpg,Clean
ISIC_0010322.jpg,Clean
ISIC_0010323.jpg,Clean
ISIC_0010326.jpg,Clean
ISIC_0010330.jpg,Clean
ISIC_0010332.jpg,Clean
ISIC_0010333.jpg,Clean
ISIC_0010334.jpg,Clean
ISIC_0010335.jpg,Clean
ISIC_0010336.jpg,Clean
ISIC_0010339.jpg,Clean
ISIC_0010340.jpg,Clean
ISIC_0010341.jpg,Clean
ISIC_0010342.jpg,Clean
ISIC_0010344.jpg,Clean
ISIC_0010346.jpg,Clean
ISIC_0010348.jpg,Clean
ISIC_0010349.jpg,Clean
ISIC_0010358.jpg,Clean
ISIC_0010360.jpg,Clean
ISIC_0010361.jpg,Clean
ISIC_0010365.jpg,Clean
ISIC_0010367.jpg,Clean
ISIC_0010370.jpg,Clean
ISIC_0010371.jpg,Clean
ISIC_0010380.jpg,Clean
ISIC_0010382.jpg,Clean
ISIC_0010439.jpg,Clean
ISIC_0010440.jpg,Clean
ISIC_0010442.jpg,Clean
ISIC_0010443.jpg,Clean
ISIC_0010444.jpg,Clean
ISIC_0010445.jpg,Clean
ISIC_0010447.jpg,Clean
ISIC_0010448.jpg,Clean
ISIC_0010449.jpg,Clean
ISIC_0010452.jpg,Clean
ISIC_0010455.jpg,Clean
ISIC_0010456.jpg,Clean
ISIC_0010457.jpg,Clean
ISIC_0010458.jpg,Clean
ISIC_0010459.jpg,Clean
ISIC_0010460.jpg,Clean
ISIC_0010461.jpg,Clean
ISIC_0010462.jpg,Clean
ISIC_0010463.jpg,Clean
ISIC_0010465.jpg,Clean
ISIC_0010468.jpg,Clean
ISIC_0010473.jpg,Clean
ISIC_0010475.jpg,Clean
ISIC_0010476.jpg,Clean
ISIC_0010477.jpg,Clean
ISIC_0010479.jpg,Clean
ISIC_0010480.jpg,Clean
ISIC_0010483.jpg,Clean
ISIC_0010488.jpg,Clean
ISIC_0010490.jpg,Clean
ISIC_0010491.jpg,Clean
ISIC_0010492.jpg,Clean
ISIC_0010493.jpg,Clean
ISIC_0010496.jpg,Clean
ISIC_0010497.jpg,Clean
ISIC_0010498.jpg,Clean
ISIC_0010553.jpg,Clean
ISIC_0010558.jpg,Clean
ISIC_0010562.jpg,Clean
ISIC_0010565.jpg,Clean
ISIC_0010566.jpg,Clean
ISIC_0010567.jpg,Clean
ISIC_0010568.jpg,Clean
ISIC_0010569.jpg,Clean
ISIC_0010570.jpg,Clean
ISIC_0010571.jpg,Clean
ISIC_0010575.jpg,Clean
ISIC_0010581.jpg,Clean
ISIC_0010584.jpg,Clean
ISIC_0010587.jpg,Clean
ISIC_0010588.jpg,Clean
ISIC_0010589.jpg,Clean
ISIC_0010592.jpg,Clean
ISIC_0010593.jpg,Clean
ISIC_0010595.jpg,Clean
ISIC_0010597.jpg,Clean
ISIC_0010599.jpg,Clean
ISIC_0010603.jpg,Clean
ISIC_0010604.jpg,Clean
ISIC_0010605.jpg,Clean
ISIC_0010844.jpg,Clean
ISIC_0010846.jpg,Clean
ISIC_0010847.jpg,Clean
ISIC_0010851.jpg,Clean
ISIC_0010854.jpg,Clean
ISIC_0010856.jpg,Clean
ISIC_0010858.jpg,Clean
ISIC_0010860.jpg,Clean
ISIC_0010862.jpg,Clean
ISIC_0010863.jpg,Clean
ISIC_0010864.jpg,Clean
ISIC_0011079.jpg,Clean
ISIC_0011083.jpg,Clean
ISIC_0011085.jpg,Clean
ISIC_0011089.jpg,Clean
ISIC_0011090.jpg,Clean
ISIC_0011092.jpg,Clean
ISIC_0011095.jpg,Clean
ISIC_0011100.jpg,Clean
ISIC_0011101.jpg,Clean
ISIC_0011102.jpg,Clean
ISIC_0011104.jpg,Clean
ISIC_0011105.jpg,Clean
ISIC_0011107.jpg,Clean
ISIC_0011109.jpg,Clean
ISIC_0011110.jpg,Clean
ISIC_0011112.jpg,Clean
ISIC_0011117.jpg,Clean
ISIC_0011119.jpg,Clean
ISIC_0011120.jpg,Clean
ISIC_0011121.jpg,Clean
ISIC_0011123.jpg,Clean
ISIC_0011124.jpg,Clean
ISIC_0011125.jpg,Clean
ISIC_0011127.jpg,Clean
ISIC_0011129.jpg,Clean
ISIC_0011130.jpg,Clean
ISIC_0011131.jpg,Clean
ISIC_0011132.jpg,Clean
ISIC_0011137.jpg,Clean
ISIC_0011140.jpg,Clean
ISIC_0011143.jpg,Clean
ISIC_0011144.jpg,Clean
ISIC_0011145.jpg,Clean
ISIC_0011146.jpg,Clean
ISIC_0011149.jpg,Clean
ISIC_0011150.jpg,Clean
ISIC_0011151.jpg,Clean
ISIC_0011155.jpg,Clean
ISIC_0011156.jpg,Clean
ISIC_0011157.jpg,Clean
ISIC_0011159.jpg,Clean
ISIC_0011162.jpg,Clean
ISIC_0011163.jpg,Clean
ISIC_0011167.jpg,Clean
ISIC_0011168.jpg,Clean
ISIC_0011169.jpg,Clean
ISIC_0011170.jpg,Clean
ISIC_0011171.jpg,Clean
ISIC_0011173.jpg,Clean
ISIC_0011177.jpg,Clean
ISIC_0011200.jpg,Clean
ISIC_0011202.jpg,Clean
ISIC_0011205.jpg,Clean
ISIC_0011211.jpg,Clean
ISIC_0011212.jpg,Clean
ISIC_0011213.jpg,Clean
ISIC_0011214.jpg,Clean
ISIC_0011218.jpg,Clean
ISIC_0011220.jpg,Clean
ISIC_0011223.jpg,Clean
ISIC_0011228.jpg,Clean
ISIC_0011229.jpg,Clean
ISIC_0011230.jpg,Clean
ISIC_0011292.jpg,Clean
ISIC_0011294.jpg,Clean
ISIC_0011296.jpg,Clean
ISIC_0011297.jpg,Clean
ISIC_0011300.jpg,Clean
ISIC_0011301.jpg,Clean
ISIC_0011305.jpg,Clean
ISIC_0011306.jpg,Clean
ISIC_0011310.jpg,Clean
ISIC_0011315.jpg,Clean
ISIC_0011323.jpg,Clean
ISIC_0011326.jpg,Clean
ISIC_0011329.jpg,Clean
ISIC_0011333.jpg,Clean
ISIC_0011336.jpg,Clean
ISIC_0011338.jpg,Clean
ISIC_0011339.jpg,Clean
ISIC_0011341.jpg,Clean
ISIC_0011343.jpg,Clean
ISIC_0011347.jpg,Clean
ISIC_0011348.jpg,Clean
ISIC_0011350.jpg,Clean
ISIC_0011352.jpg,Clean
ISIC_0011353.jpg,Clean
ISIC_0011356.jpg,Clean
ISIC_0011357.jpg,Clean
ISIC_0011360.jpg,Clean
ISIC_0011361.jpg,Clean
ISIC_0011363.jpg,Clean
ISIC_0011367.jpg,Clean
ISIC_0011373.jpg,Clean
ISIC_0011374.jpg,Clean
ISIC_0011378.jpg,Clean
ISIC_0011382.jpg,Clean
ISIC_0011384.jpg,Clean
ISIC_0011385.jpg,Clean
ISIC_0011387.jpg,Clean
ISIC_0011390.jpg,Clean
ISIC_0011393.jpg,Clean
ISIC_0011397.jpg,Clean
ISIC_0011402.jpg,Clean
ISIC_0012662_downsampled.jpg,Clean
ISIC_0012663_downsampled.jpg,Clean
ISIC_0012664_downsampled.jpg,Clean
ISIC_0012665_downsampled.jpg,Clean
ISIC_0012758.jpg,Clean
ISIC_0012811.jpg,Clean
ISIC_0012957_downsampled.jpg,Clean
ISIC_0013037_downsampled.jpg,Clean
ISIC_0013045_downsampled.jpg,Clean
ISIC_0013056_downsampled.jpg,Clean
ISIC_0013120_downsampled.jpg,Clean
ISIC_0013155_downsampled.jpg,Clean
ISIC_0013164_downsampled.jpg,Clean
ISIC_0013189_downsampled.jpg,Clean
ISIC_0013190_downsampled.jpg,Clean
ISIC_0013226_downsampled.jpg,Clean
ISIC_0013480_downsampled.jpg,Clean
ISIC_0013580_downsampled.jpg,Clean
ISIC_0013670_downsampled.jpg,Clean
ISIC_0013702_downsampled.jpg,Clean
ISIC_0013707_downsampled.jpg,Clean
ISIC_0013708_downsampled.jpg,Clean
ISIC_0000000.jpg,Clean_resorted
ISIC_0000001.jpg,Clean_resorted
ISIC_0000003.jpg,Clean_resorted
ISIC_0000008.jpg,Clean_resorted
ISIC_0000010.jpg,Clean_resorted
ISIC_0000013.jpg,Clean_resorted
ISIC_0000016.jpg,Clean_resorted
ISIC_0000017_downsampled.jpg,Clean_resorted
ISIC_0000018_downsampled.jpg,Clean_resorted
ISIC_0000019_downsampled.jpg,Clean_resorted
ISIC_0000020_downsampled.jpg,Clean_resorted
ISIC_0000021_downsampled.jpg,Clean_resorted
ISIC_0000022_downsampled.jpg,Clean_resorted
ISIC_0000023_downsampled.jpg,Clean_resorted
ISIC_0000024_downsampled.jpg,Clean_resorted
ISIC_0000025_downsampled.jpg,Clean_resorted
ISIC_0000026_downsampled.jpg,Clean_resorted
ISIC_0000027_downsampled.jpg,Clean_resorted
ISIC_0000028_downsampled.jpg,Clean_resorted
ISIC_0000029_downsampled.jpg,Clean_resorted
ISIC_0000032_downsampled.jpg,Clean_resorted
ISIC_0000038_downsampled.jpg,Clean_resorted
ISIC_0000039_downsampled.jpg,Clean_resorted
ISIC_0000042_downsampled.jpg,Clean_resorted
ISIC_0000046_downsampled.jpg,Clean_resorted
ISIC_0000047_downsampled.jpg,Clean_resorted
ISIC_0000049_downsampled.jpg,Clean_resorted
ISIC_0000050_downsampled.jpg,Clean_resorted
ISIC_0000051_downsampled.jpg,Clean_resorted
ISIC_0000052_downsampled.jpg,Clean_resorted
ISIC_0000053_downsampled.jpg,Clean_resorted
ISIC_0000054_downsampled.jpg,Clean_resorted
ISIC_0000055_downsampled.jpg,Clean_resorted
ISIC_0000056_downsampled.jpg,Clean_resorted
ISIC_0000057_downsampled.jpg,Clean_resorted
ISIC_0000058_downsampled.jpg,Clean_resorted
ISIC_0000059_downsampled.jpg,Clean_resorted
ISIC_0000060_downsampled.jpg,Clean_resorted
ISIC_0000061_downsampled.jpg,Clean_resorted
ISIC_0000062_downsampled.jpg,Clean_resorted
ISIC_0000063_downsampled.jpg,Clean_resorted
ISIC_0000064_downsampled.jpg,Clean_resorted
ISIC_0000065_downsampled.jpg,Clean_resorted
ISIC_0000066.jpg,Clean_resorted
ISIC_0000067.jpg,Clean_resorted
ISIC_0000073.jpg,Clean_resorted
ISIC_0000081_downsampled.jpg,Clean_resorted
ISIC_0000082_downsampled.jpg,Clean_resorted
ISIC_0000087_downsampled.jpg,Clean_resorted
ISIC_0000088_downsampled.jpg,Clean_resorted
ISIC_0000089_downsampled.jpg,Clean_resorted
ISIC_0000092_downsampled.jpg,Clean_resorted
ISIC_0000096_downsampled.jpg,Clean_resorted
ISIC_0000103_downsampled.jpg,Clean_resorted
ISIC_0000108_downsampled.jpg,Clean_resorted
ISIC_0000109_downsampled.jpg,Clean_resorted
ISIC_0000116_downsampled.jpg,Clean_resorted
ISIC_0000119_downsampled.jpg,Clean_resorted
ISIC_0000120_downsampled.jpg,Clean_resorted
ISIC_0000121_downsampled.jpg,Clean_resorted
ISIC_0000124_downsampled.jpg,Clean_resorted
ISIC_0000127_downsampled.jpg,Clean_resorted
ISIC_0000130_downsampled.jpg,Clean_resorted
ISIC_0000136_downsampled.jpg,Clean_resorted
ISIC_0000138_downsampled.jpg,Clean_resorted
ISIC_0000139_downsampled.jpg,Clean_resorted
ISIC_0000141_downsampled.jpg,Clean_resorted
ISIC_0000142_downsampled.jpg,Clean_resorted
ISIC_0000143_downsampled.jpg,Clean_resorted
ISIC_0000147_downsampled.jpg,Clean_resorted
ISIC_0000148_downsampled.jpg,Clean_resorted
ISIC_0000151_downsampled.jpg,Clean_resorted
ISIC_0000153_downsampled.jpg,Clean_resorted
ISIC_0000157.jpg,Clean_resorted
ISIC_0000159.jpg,Clean_resorted
ISIC_0000161.jpg,Clean_resorted
ISIC_0000162.jpg,Clean_resorted
ISIC_0000163.jpg,Clean_resorted
ISIC_0000164.jpg,Clean_resorted
ISIC_0000165.jpg,Clean_resorted
ISIC_0000166.jpg,Clean_resorted
ISIC_0000167.jpg,Clean_resorted
ISIC_0000172.jpg,Clean_resorted
ISIC_0000173.jpg,Clean_resorted
ISIC_0000174.jpg,Clean_resorted
ISIC_0000175.jpg,Clean_resorted
ISIC_0000177_downsampled.jpg,Clean_resorted
ISIC_0000179_downsampled.jpg,Clean_resorted
ISIC_0000181_downsampled.jpg,Clean_resorted
ISIC_0000182_downsampled.jpg,Clean_resorted
ISIC_0000183_downsampled.jpg,Clean_resorted
ISIC_0000184_downsampled.jpg,Clean_resorted
ISIC_0000185_downsampled.jpg,Clean_resorted
ISIC_0000186_downsampled.jpg,Clean_resorted
ISIC_0000187.jpg,Clean_resorted
ISIC_0000188_downsampled.jpg,Clean_resorted
ISIC_0000189_downsampled.jpg,Clean_resorted
ISIC_0000190.jpg,Clean_resorted
ISIC_0000191_downsampled.jpg,Clean_resorted
ISIC_0000192_downsampled.jpg,Clean_resorted
ISIC_0000193_downsampled.jpg,Clean_resorted
ISIC_0000195_downsampled.jpg,Clean_resorted
ISIC_0000196_downsampled.jpg,Clean_resorted
ISIC_0000197_downsampled.jpg,Clean_resorted
ISIC_0000198.jpg,Clean_resorted
ISIC_0000199.jpg,Clean_resorted
ISIC_0000200.jpg,Clean_resorted
ISIC_0000201_downsampled.jpg,Clean_resorted
ISIC_0000202_downsampled.jpg,Clean_resorted
ISIC_0000203_downsampled.jpg,Clean_resorted
ISIC_0000204_downsampled.jpg,Clean_resorted
ISIC_0000205_downsampled.jpg,Clean_resorted
ISIC_0000206_downsampled.jpg,Clean_resorted
ISIC_0000207_downsampled.jpg,Clean_resorted
ISIC_0000208_downsampled.jpg,Clean_resorted
ISIC_0000209.jpg,Clean_resorted
ISIC_0000211.jpg,Clean_resorted
ISIC_0000213.jpg,Clean_resorted
ISIC_0000214.jpg,Clean_resorted
ISIC_0000215.jpg,Clean_resorted
ISIC_0000216.jpg,Clean_resorted
ISIC_0000217.jpg,Clean_resorted
ISIC_0000218_downsampled.jpg,Clean_resorted
ISIC_0000219.jpg,Clean_resorted
ISIC_0000220.jpg,Clean_resorted
ISIC_0000221.jpg,Clean_resorted
ISIC_0000222.jpg,Clean_resorted
ISIC_0000223.jpg,Clean_resorted
ISIC_0000224.jpg,Clean_resorted
ISIC_0000225.jpg,Clean_resorted
ISIC_0000226.jpg,Clean_resorted
ISIC_0000227.jpg,Clean_resorted
ISIC_0000228.jpg,Clean_resorted
ISIC_0000230.jpg,Clean_resorted
ISIC_0000231.jpg,Clean_resorted
ISIC_0000232.jpg,Clean_resorted
ISIC_0000233.jpg,Clean_resorted
ISIC_0000234.jpg,Clean_resorted
ISIC_0000235.jpg,Clean_resorted
ISIC_0000236.jpg,Clean_resorted
ISIC_0000239.jpg,Clean_resorted
ISIC_0000243.jpg,Clean_resorted
ISIC_0000244.jpg,Clean_resorted
ISIC_0000250.jpg,Clean_resorted
ISIC_0000260.jpg,Clean_resorted
ISIC_0000261.jpg,Clean_resorted
ISIC_0000263.jpg,Clean_resorted
ISIC_0000264.jpg,Clean_resorted
ISIC_0000265.jpg,Clean_resorted
ISIC_0000271.jpg,Clean_resorted
ISIC_0000278.jpg,Clean_resorted
ISIC_0000288.jpg,Clean_resorted
ISIC_0000294.jpg,Clean_resorted
ISIC_0000326.jpg,Clean_resorted
ISIC_0000376_downsampled.jpg,Clean_resorted
ISIC_0000377_downsampled.jpg,Clean_resorted
ISIC_0000380_downsampled.jpg,Clean_resorted
ISIC_0000381_downsampled.jpg,Clean_resorted
ISIC_0000383_downsampled.jpg,Clean_resorted
ISIC_0000385_downsampled.jpg,Clean_resorted
ISIC_0000388_downsampled.jpg,Clean_resorted
ISIC_0000390_downsampled.jpg,Clean_resorted
ISIC_0000393_downsampled.jpg,Clean_resorted
ISIC_0000412_downsampled.jpg,Clean_resorted
ISIC_0000416_downsampled.jpg,Clean_resorted
ISIC_0000419_downsampled.jpg,Clean_resorted
ISIC_0000423_downsampled.jpg,Clean_resorted
ISIC_0000426_downsampled.jpg,Clean_resorted
ISIC_0000427_downsampled.jpg,Clean_resorted
ISIC_0000433_downsampled.jpg,Clean_resorted
ISIC_0000434_downsampled.jpg,Clean_resorted
ISIC_0000457_downsampled.jpg,Clean_resorted
ISIC_0000461.jpg,Clean_resorted
ISIC_0000463_downsampled.jpg,Clean_resorted
ISIC_0000465.jpg,Clean_resorted
ISIC_0000466.jpg,Clean_resorted
ISIC_0000467.jpg,Clean_resorted
ISIC_0000468.jpg,Clean_resorted
ISIC_0000470.jpg,Clean_resorted
ISIC_0000471.jpg,Clean_resorted
ISIC_0000474.jpg,Clean_resorted
ISIC_0000475.jpg,Clean_resorted
ISIC_0000476.jpg,Clean_resorted
ISIC_0000477.jpg,Clean_resorted
ISIC_0000478.jpg,Clean_resorted
ISIC_0000479.jpg,Clean_resorted
ISIC_0000481.jpg,Clean_resorted
ISIC_0000482.jpg,Clean_resorted
ISIC_0000483.jpg,Clean_resorted
ISIC_0000484.jpg,Clean_resorted
ISIC_0000485.jpg,Clean_resorted
ISIC_0000486.jpg,Clean_resorted
ISIC_0000489.jpg,Clean_resorted
ISIC_0000490.jpg,Clean_resorted
ISIC_0000491.jpg,Clean_resorted
ISIC_0000493.jpg,Clean_resorted
ISIC_0000495.jpg,Clean_resorted
ISIC_0000496.jpg,Clean_resorted
ISIC_0000498.jpg,Clean_resorted
ISIC_0000501.jpg,Clean_resorted
ISIC_0000503.jpg,Clean_resorted
ISIC_0000508.jpg,Clean_resorted
ISIC_0000509.jpg,Clean_resorted
ISIC_0000510.jpg,Clean_resorted
ISIC_0000511.jpg,Clean_resorted
ISIC_0000514.jpg,Clean_resorted
ISIC_0000517.jpg,Clean_resorted
ISIC_0000518.jpg,Clean_resorted
ISIC_0000522.jpg,Clean_resorted
ISIC_0000523.jpg,Clean_resorted
ISIC_0000524.jpg,Clean_resorted
ISIC_0000527.jpg,Clean_resorted
ISIC_0000529_downsampled.jpg,Clean_resorted
ISIC_0000532.jpg,Clean_resorted
ISIC_0000533.jpg,Clean_resorted
ISIC_0000534.jpg,Clean_resorted
ISIC_0000537.jpg,Clean_resorted
ISIC_0000538.jpg,Clean_resorted
ISIC_0000539.jpg,Clean_resorted
ISIC_0000540.jpg,Clean_resorted
ISIC_0000541.jpg,Clean_resorted
ISIC_0000542.jpg,Clean_resorted
ISIC_0000543.jpg,Clean_resorted
ISIC_0000544.jpg,Clean_resorted
ISIC_0000545.jpg,Clean_resorted
ISIC_0000546.jpg,Clean_resorted
ISIC_0000549.jpg,Clean_resorted
ISIC_0000551.jpg,Clean_resorted
ISIC_0000552.jpg,Clean_resorted
ISIC_0000556.jpg,Clean_resorted
ISIC_0001126_downsampled.jpg,Clean_resorted
ISIC_0001140_downsampled.jpg,Clean_resorted
ISIC_0001148_downsampled.jpg,Clean_resorted
ISIC_0009868.jpg,Clean_resorted
ISIC_0009871.jpg,Clean_resorted
ISIC_0009874.jpg,Clean_resorted
ISIC_0009875.jpg,Clean_resorted
ISIC_0009877.jpg,Clean_resorted
ISIC_0009879.jpg,Clean_resorted
ISIC_0009882.jpg,Clean_resorted
ISIC_0009883.jpg,Clean_resorted
ISIC_0009895.jpg,Clean_resorted
ISIC_0009897.jpg,Clean_resorted
ISIC_0009901.jpg,Clean_resorted
ISIC_0009902.jpg,Clean_resorted
ISIC_0009904.jpg,Clean_resorted
ISIC_0009905.jpg,Clean_resorted
ISIC_0009906.jpg,Clean_resorted
ISIC_0009909.jpg,Clean_resorted
ISIC_0009910.jpg,Clean_resorted
ISIC_0009911.jpg,Clean_resorted
ISIC_0009914.jpg,Clean_resorted
ISIC_0009915.jpg,Clean_resorted
ISIC_0009919.jpg,Clean_resorted
ISIC_0009920.jpg,Clean_resorted
ISIC_0009921.jpg,Clean_resorted
ISIC_0009923.jpg,Clean_resorted
ISIC_0009928.jpg,Clean_resorted
ISIC_0009931.jpg,Clean_resorted
ISIC_0009932.jpg,Clean_resorted
ISIC_0009933.jpg,Clean_resorted
ISIC_0009934.jpg,Clean_resorted
ISIC_0009935.jpg,Clean_resorted
ISIC_0009936.jpg,Clean_resorted
ISIC_0009937.jpg,Clean_resorted
ISIC_0009940.jpg,Clean_resorted
ISIC_0009941.jpg,Clean_resorted
ISIC_0009944.jpg,Clean_resorted
ISIC_0009950.jpg,Clean_resorted
ISIC_0009951.jpg,Clean_resorted
ISIC_0009953.jpg,Clean_resorted
ISIC_0009958.jpg,Clean_resorted
ISIC_0009960.jpg,Clean_resorted
ISIC_0009962.jpg,Clean_resorted
ISIC_0009963.jpg,Clean_resorted
ISIC_0009964.jpg,Clean_resorted
ISIC_0009965.jpg,Clean_resorted
ISIC_0009968.jpg,Clean_resorted
ISIC_0009969.jpg,Clean_resorted
ISIC_0009970.jpg,Clean_resorted
ISIC_0009975.jpg,Clean_resorted
ISIC_0009977.jpg,Clean_resorted
ISIC_0009978.jpg,Clean_resorted
ISIC_0009980.jpg,Clean_resorted
ISIC_0009987.jpg,Clean_resorted
ISIC_0009988.jpg,Clean_resorted
ISIC_0009990.jpg,Clean_resorted
ISIC_0009991.jpg,Clean_resorted
ISIC_0009993.jpg,Clean_resorted
ISIC_0009995.jpg,Clean_resorted
ISIC_0009998.jpg,Clean_resorted
ISIC_0010000.jpg,Clean_resorted
ISIC_0010002.jpg,Clean_resorted
ISIC_0010009.jpg,Clean_resorted
ISIC_0010010.jpg,Clean_resorted
ISIC_0010017.jpg,Clean_resorted
ISIC_0010018.jpg,Clean_resorted
ISIC_0010019.jpg,Clean_resorted
ISIC_0010020.jpg,Clean_resorted
ISIC_0010022.jpg,Clean_resorted
ISIC_0010023.jpg,Clean_resorted
ISIC_0010024.jpg,Clean_resorted
ISIC_0010028.jpg,Clean_resorted
ISIC_0010034.jpg,Clean_resorted
ISIC_0010036.jpg,Clean_resorted
ISIC_0010037.jpg,Clean_resorted
ISIC_0010038.jpg,Clean_resorted
ISIC_0010040.jpg,Clean_resorted
ISIC_0010041.jpg,Clean_resorted
ISIC_0010042.jpg,Clean_resorted
ISIC_0010046.jpg,Clean_resorted
ISIC_0010053.jpg,Clean_resorted
ISIC_0010054.jpg,Clean_resorted
ISIC_0010055.jpg,Clean_resorted
ISIC_0010056.jpg,Clean_resorted
ISIC_0010057.jpg,Clean_resorted
ISIC_0010058.jpg,Clean_resorted
ISIC_0010061.jpg,Clean_resorted
ISIC_0010062.jpg,Clean_resorted
ISIC_0010063.jpg,Clean_resorted
ISIC_0010064.jpg,Clean_resorted
ISIC_0010066.jpg,Clean_resorted
ISIC_0010067.jpg,Clean_resorted
ISIC_0010069.jpg,Clean_resorted
ISIC_0010070.jpg,Clean_resorted
ISIC_0010071.jpg,Clean_resorted
ISIC_0010073.jpg,Clean_resorted
ISIC_0010074.jpg,Clean_resorted
ISIC_0010078.jpg,Clean_resorted
ISIC_0010079.jpg,Clean_resorted
ISIC_0010080.jpg,Clean_resorted
ISIC_0010086.jpg,Clean_resorted
ISIC_0010087.jpg,Clean_resorted
ISIC_0010088.jpg,Clean_resorted
ISIC_0010090.jpg,Clean_resorted
ISIC_0010093.jpg,Clean_resorted
ISIC_0010094.jpg,Clean_resorted
ISIC_0010100.jpg,Clean_resorted
ISIC_0010102.jpg,Clean_resorted
ISIC_0010105.jpg,Clean_resorted
ISIC_0010168.jpg,Clean_resorted
ISIC_0010169.jpg,Clean_resorted
ISIC_0010170.jpg,Clean_resorted
ISIC_0010175.jpg,Clean_resorted
ISIC_0010180.jpg,Clean_resorted
ISIC_0010182.jpg,Clean_resorted
ISIC_0010186.jpg,Clean_resorted
ISIC_0010187.jpg,Clean_resorted
ISIC_0010189.jpg,Clean_resorted
ISIC_0010190.jpg,Clean_resorted
ISIC_0010191.jpg,Clean_resorted
ISIC_0010192.jpg,Clean_resorted
ISIC_0010193.jpg,Clean_resorted
ISIC_0010201.jpg,Clean_resorted
ISIC_0010202.jpg,Clean_resorted
ISIC_0010204.jpg,Clean_resorted
ISIC_0010205.jpg,Clean_resorted
ISIC_0010206.jpg,Clean_resorted
ISIC_0010212.jpg,Clean_resorted
ISIC_0010213.jpg,Clean_resorted
ISIC_0010215.jpg,Clean_resorted
ISIC_0010222.jpg,Clean_resorted
ISIC_0010225.jpg,Clean_resorted
ISIC_0010226.jpg,Clean_resorted
ISIC_0010228.jpg,Clean_resorted
ISIC_0010232.jpg,Clean_resorted
ISIC_0010234.jpg,Clean_resorted
ISIC_0010235.jpg,Clean_resorted
ISIC_0010239.jpg,Clean_resorted
ISIC_0010246.jpg,Clean_resorted
ISIC_0010248.jpg,Clean_resorted
ISIC_0010249.jpg,Clean_resorted
ISIC_0010252.jpg,Clean_resorted
ISIC_0010255.jpg,Clean_resorted
ISIC_0010256.jpg,Clean_resorted
ISIC_0010257.jpg,Clean_resorted
ISIC_0010262.jpg,Clean_resorted
ISIC_0010264.jpg,Clean_resorted
ISIC_0010265.jpg,Clean_resorted
ISIC_0010319.jpg,Clean_resorted
ISIC_0010323.jpg,Clean_resorted
ISIC_0010326.jpg,Clean_resorted
ISIC_0010330.jpg,Clean_resorted
ISIC_0010332.jpg,Clean_resorted
ISIC_0010333.jpg,Clean_resorted
ISIC_0010334.jpg,Clean_resorted
ISIC_0010335.jpg,Clean_resorted
ISIC_0010336.jpg,Clean_resorted
ISIC_0010339.jpg,Clean_resorted
ISIC_0010340.jpg,Clean_resorted
ISIC_0010341.jpg,Clean_resorted
ISIC_0010342.jpg,Clean_resorted
ISIC_0010344.jpg,Clean_resorted
ISIC_0010346.jpg,Clean_resorted
ISIC_0010348.jpg,Clean_resorted
ISIC_0010349.jpg,Clean_resorted
ISIC_0010358.jpg,Clean_resorted
ISIC_0010360.jpg,Clean_resorted
ISIC_0010361.jpg,Clean_resorted
ISIC_0010365.jpg,Clean_resorted
ISIC_0010367.jpg,Clean_resorted
ISIC_0010370.jpg,Clean_resorted
ISIC_0010371.jpg,Clean_resorted
ISIC_0010380.jpg,Clean_resorted
ISIC_0010382.jpg,Clean_resorted
ISIC_0010439.jpg,Clean_resorted
ISIC_0010442.jpg,Clean_resorted
ISIC_0010443.jpg,Clean_resorted
ISIC_0010444.jpg,Clean_resorted
ISIC_0010445.jpg,Clean_resorted
ISIC_0010447.jpg,Clean_resorted
ISIC_0010448.jpg,Clean_resorted
ISIC_0010449.jpg,Clean_resorted
ISIC_0010452.jpg,Clean_resorted
ISIC_0010455.jpg,Clean_resorted
ISIC_0010456.jpg,Clean_resorted
ISIC_0010457.jpg,Clean_resorted
ISIC_0010458.jpg,Clean_resorted
ISIC_0010459.jpg,Clean_resorted
ISIC_0010460.jpg,Clean_resorted
ISIC_0010461.jpg,Clean_resorted
ISIC_0010462.jpg,Clean_resorted
ISIC_0010463.jpg,Clean_resorted
ISIC_0010465.jpg,Clean_resorted
ISIC_0010468.jpg,Clean_resorted
ISIC_0010473.jpg,Clean_resorted
ISIC_0010475.jpg,Clean_resorted
ISIC_0010476.jpg,Clean_resorted
ISIC_0010477.jpg,Clean_resorted
ISIC_0010479.jpg,Clean_resorted
ISIC_0010480.jpg,Clean_resorted
ISIC_0010483.jpg,Clean_resorted
ISIC_0010488.jpg,Clean_resorted
ISIC_0010490.jpg,Clean_resorted
ISIC_0010491.jpg,Clean_resorted
ISIC_0010492.jpg,Clean_resorted
ISIC_0010493.jpg,Clean_resorted
ISIC_0010496.jpg,Clean_resorted
ISIC_0010497.jpg,Clean_resorted
ISIC_0010498.jpg,Clean_resorted
ISIC_0010553.jpg,Clean_resorted
ISIC_0010558.jpg,Clean_resorted
ISIC_0010562.jpg,Clean_resorted
ISIC_0010565.jpg,Clean_resorted
ISIC_0010566.jpg,Clean_resorted
ISIC_0010567.jpg,Clean_resorted
ISIC_0010568.jpg,Clean_resorted
ISIC_0010569.jpg,Clean_resorted
ISIC_0010570.jpg,Clean_resorted
ISIC_0010571.jpg,Clean_resorted
ISIC_0010575.jpg,Clean_resorted
ISIC_0010581.jpg,Clean_resorted
ISIC_0010584.jpg,Clean_resorted
ISIC_0010587.jpg,Clean_resorted
ISIC_0010588.jpg,Clean_resorted
ISIC_0010589.jpg,Clean_resorted
ISIC_0010592.jpg,Clean_resorted
ISIC_0010593.jpg,Clean_resorted
ISIC_0010595.jpg,Clean_resorted
ISIC_0010597.jpg,Clean_resorted
ISIC_0010599.jpg,Clean_resorted
ISIC_0010603.jpg,Clean_resorted
ISIC_0010604.jpg,Clean_resorted
ISIC_0010605.jpg,Clean_resorted
ISIC_0010844.jpg,Clean_resorted
ISIC_0010846.jpg,Clean_resorted
ISIC_0010847.jpg,Clean_resorted
ISIC_0010851.jpg,Clean_resorted
ISIC_0010854.jpg,Clean_resorted
ISIC_0010856.jpg,Clean_resorted
ISIC_0010858.jpg,Clean_resorted
ISIC_0010860.jpg,Clean_resorted
ISIC_0010862.jpg,Clean_resorted
ISIC_0010863.jpg,Clean_resorted
ISIC_0010864.jpg,Clean_resorted
ISIC_0011079.jpg,Clean_resorted
ISIC_0011083.jpg,Clean_resorted
ISIC_0011085.jpg,Clean_resorted
ISIC_0011089.jpg,Clean_resorted
ISIC_0011090.jpg,Clean_resorted
ISIC_0011092.jpg,Clean_resorted
ISIC_0011095.jpg,Clean_resorted
ISIC_0011100.jpg,Clean_resorted
ISIC_0011101.jpg,Clean_resorted
ISIC_0011102.jpg,Clean_resorted
ISIC_0011104.jpg,Clean_resorted
ISIC_0011105.jpg,Clean_resorted
ISIC_0011107.jpg,Clean_resorted
ISIC_0011109.jpg,Clean_resorted
ISIC_0011110.jpg,Clean_resorted
ISIC_0011112.jpg,Clean_resorted
ISIC_0011117.jpg,Clean_resorted
ISIC_0011119.jpg,Clean_resorted
ISIC_0011120.jpg,Clean_resorted
ISIC_0011121.jpg,Clean_resorted
ISIC_0011123.jpg,Clean_resorted
ISIC_0011124.jpg,Clean_resorted
ISIC_0011125.jpg,Clean_resorted
ISIC_0011127.jpg,Clean_resorted
ISIC_0011129.jpg,Clean_resorted
ISIC_0011130.jpg,Clean_resorted
ISIC_0011131.jpg,Clean_resorted
ISIC_0011132.jpg,Clean_resorted
ISIC_0011137.jpg,Clean_resorted
ISIC_0011140.jpg,Clean_resorted
ISIC_0011143.jpg,Clean_resorted
ISIC_0011144.jpg,Clean_resorted
ISIC_0011145.jpg,Clean_resorted
ISIC_0011146.jpg,Clean_resorted
ISIC_0011149.jpg,Clean_resorted
ISIC_0011150.jpg,Clean_resorted
ISIC_0011151.jpg,Clean_resorted
ISIC_0011155.jpg,Clean_resorted
ISIC_0011156.jpg,Clean_resorted
ISIC_0011157.jpg,Clean_resorted
ISIC_0011159.jpg,Clean_resorted
ISIC_0011162.jpg,Clean_resorted
ISIC_0011163.jpg,Clean_resorted
ISIC_0011167.jpg,Clean_resorted
ISIC_0011168.jpg,Clean_resorted
ISIC_0011169.jpg,Clean_resorted
ISIC_0011170.jpg,Clean_resorted
ISIC_0011171.jpg,Clean_resorted
ISIC_0011173.jpg,Clean_resorted
ISIC_0011177.jpg,Clean_resorted
ISIC_0011200.jpg,Clean_resorted
ISIC_0011202.jpg,Clean_resorted
ISIC_0011205.jpg,Clean_resorted
ISIC_0011211.jpg,Clean_resorted
ISIC_0011212.jpg,Clean_resorted
ISIC_0011213.jpg,Clean_resorted
ISIC_0011214.jpg,Clean_resorted
ISIC_0011220.jpg,Clean_resorted
ISIC_0011223.jpg,Clean_resorted
ISIC_0011228.jpg,Clean_resorted
ISIC_0011229.jpg,Clean_resorted
ISIC_0011230.jpg,Clean_resorted
ISIC_0011292.jpg,Clean_resorted
ISIC_0011294.jpg,Clean_resorted
ISIC_0011300.jpg,Clean_resorted
ISIC_0011301.jpg,Clean_resorted
ISIC_0011305.jpg,Clean_resorted
ISIC_0011310.jpg,Clean_resorted
ISIC_0011315.jpg,Clean_resorted
ISIC_0011323.jpg,Clean_resorted
ISIC_0011326.jpg,Clean_resorted
ISIC_0011329.jpg,Clean_resorted
ISIC_0011333.jpg,Clean_resorted
ISIC_0011336.jpg,Clean_resorted
ISIC_0011338.jpg,Clean_resorted
ISIC_0011339.jpg,Clean_resorted
ISIC_0011341.jpg,Clean_resorted
ISIC_0011343.jpg,Clean_resorted
ISIC_0011347.jpg,Clean_resorted
ISIC_0011348.jpg,Clean_resorted
ISIC_0011350.jpg,Clean_resorted
ISIC_0011352.jpg,Clean_resorted
ISIC_0011353.jpg,Clean_resorted
ISIC_0011356.jpg,Clean_resorted
ISIC_0011357.jpg,Clean_resorted
ISIC_0011360.jpg,Clean_resorted
ISIC_0011361.jpg,Clean_resorted
ISIC_0011363.jpg,Clean_resorted
ISIC_0011367.jpg,Clean_resorted
ISIC_0011373.jpg,Clean_resorted
ISIC_0011374.jpg,Clean_resorted
ISIC_0011378.jpg,Clean_resorted
ISIC_0011382.jpg,Clean_resorted
ISIC_0011384.jpg,Clean_resorted
ISIC_0011385.jpg,Clean_resorted
ISIC_0011387.jpg,Clean_resorted
ISIC_0011390.jpg,Clean_resorted
ISIC_0011397.jpg,Clean_resorted
ISIC_0011402.jpg,Clean_resorted
ISIC_0012662_downsampled.jpg,Clean_resorted
ISIC_0012663_downsampled.jpg,Clean_resorted
ISIC_0012664_downsampled.jpg,Clean_resorted
ISIC_0012758.jpg,Clean_resorted
ISIC_0012811.jpg,Clean_resorted
ISIC_0012957_downsampled.jpg,Clean_resorted
ISIC_0000004.jpg,Doubtful
ISIC_0000080_downsampled.jpg,Doubtful
ISIC_0000100_downsampled.jpg,Doubtful
ISIC_0000101_downsampled.jpg,Doubtful
ISIC_0000105_downsampled.jpg,Doubtful
ISIC_0000111_downsampled.jpg,Doubtful
ISIC_0000122_downsampled.jpg,Doubtful
ISIC_0000140_downsampled.jpg,Doubtful
ISIC_0000145_downsampled.jpg,Doubtful
ISIC_0000152_downsampled.jpg,Doubtful
ISIC_0000240.jpg,Doubtful
ISIC_0000252.jpg,Doubtful
ISIC_0000259.jpg,Doubtful
ISIC_0000269.jpg,Doubtful
ISIC_0000274.jpg,Doubtful
ISIC_0000276.jpg,Doubtful
ISIC_0000277.jpg,Doubtful
ISIC_0000282.jpg,Doubtful
ISIC_0000287.jpg,Doubtful
ISIC_0000379_downsampled.jpg,Doubtful
ISIC_0000386_downsampled.jpg,Doubtful
ISIC_0000387_downsampled.jpg,Doubtful
ISIC_0000391_downsampled.jpg,Doubtful
ISIC_0000395_downsampled.jpg,Doubtful
ISIC_0000396_downsampled.jpg,Doubtful
ISIC_0000408_downsampled.jpg,Doubtful
ISIC_0000409_downsampled.jpg,Doubtful
ISIC_0000413_downsampled.jpg,Doubtful
ISIC_0000415_downsampled.jpg,Doubtful
ISIC_0000436_downsampled.jpg,Doubtful
ISIC_0000443_downsampled.jpg,Doubtful
ISIC_0000444_downsampled.jpg,Doubtful
ISIC_0000447_downsampled.jpg,Doubtful
ISIC_0000448_downsampled.jpg,Doubtful
ISIC_0000449_downsampled.jpg,Doubtful
ISIC_0000452_downsampled.jpg,Doubtful
ISIC_0000456_downsampled.jpg,Doubtful
ISIC_0000520_downsampled.jpg,Doubtful
ISIC_0000521_downsampled.jpg,Doubtful
ISIC_0000525.jpg,Doubtful
ISIC_0000530.jpg,Doubtful
ISIC_0000548.jpg,Doubtful
ISIC_0001105_downsampled.jpg,Doubtful
ISIC_0001118_downsampled.jpg,Doubtful
ISIC_0001119_downsampled.jpg,Doubtful
ISIC_0001128_downsampled.jpg,Doubtful
ISIC_0001134_downsampled.jpg,Doubtful
ISIC_0009872.jpg,Doubtful
ISIC_0009873.jpg,Doubtful
ISIC_0009880.jpg,Doubtful
ISIC_0009881.jpg,Doubtful
ISIC_0009884.jpg,Doubtful
ISIC_0009885.jpg,Doubtful
ISIC_0009896.jpg,Doubtful
ISIC_0009898.jpg,Doubtful
ISIC_0009899.jpg,Doubtful
ISIC_0009912.jpg,Doubtful
ISIC_0009918.jpg,Doubtful
ISIC_0009938.jpg,Doubtful
ISIC_0009939.jpg,Doubtful
ISIC_0009947.jpg,Doubtful
ISIC_0009949.jpg,Doubtful
ISIC_0009954.jpg,Doubtful
ISIC_0009955.jpg,Doubtful
ISIC_0009961.jpg,Doubtful
ISIC_0009966.jpg,Doubtful
ISIC_0009971.jpg,Doubtful
ISIC_0009973.jpg,Doubtful
ISIC_0009976.jpg,Doubtful
ISIC_0009981.jpg,Doubtful
ISIC_0009994.jpg,Doubtful
ISIC_0010014.jpg,Doubtful
ISIC_0010015.jpg,Doubtful
ISIC_0010016.jpg,Doubtful
ISIC_0010021.jpg,Doubtful
ISIC_0010032.jpg,Doubtful
ISIC_0010089.jpg,Doubtful
ISIC_0010173.jpg,Doubtful
ISIC_0010219.jpg,Doubtful
ISIC_0010229.jpg,Doubtful
ISIC_0010240.jpg,Doubtful
ISIC_0010247.jpg,Doubtful
ISIC_0010251.jpg,Doubtful
ISIC_0010263.jpg,Doubtful
ISIC_0010267.jpg,Doubtful
ISIC_0010347.jpg,Doubtful
ISIC_0010356.jpg,Doubtful
ISIC_0010357.jpg,Doubtful
ISIC_0010364.jpg,Doubtful
ISIC_0010372.jpg,Doubtful
ISIC_0010441.jpg,Doubtful
ISIC_0010552.jpg,Doubtful
ISIC_0010557.jpg,Doubtful
ISIC_0010572.jpg,Doubtful
ISIC_0010573.jpg,Doubtful
ISIC_0010574.jpg,Doubtful
ISIC_0010576.jpg,Doubtful
ISIC_0010582.jpg,Doubtful
ISIC_0010598.jpg,Doubtful
ISIC_0011084.jpg,Doubtful
ISIC_0011088.jpg,Doubtful
ISIC_0011097.jpg,Doubtful
ISIC_0011098.jpg,Doubtful
ISIC_0011099.jpg,Doubtful
ISIC_0011114.jpg,Doubtful
ISIC_0011115.jpg,Doubtful
ISIC_0011165.jpg,Doubtful
ISIC_0011166.jpg,Doubtful
ISIC_0011176.jpg,Doubtful
ISIC_0011204.jpg,Doubtful
ISIC_0011224.jpg,Doubtful
ISIC_0011303.jpg,Doubtful
ISIC_0011304.jpg,Doubtful
ISIC_0011330.jpg,Doubtful
ISIC_0011344.jpg,Doubtful
ISIC_0011345.jpg,Doubtful
ISIC_0011349.jpg,Doubtful
ISIC_0011383.jpg,Doubtful
ISIC_0012998.jpg,Doubtful
ISIC_0000036_downsampled.jpg,Normal_Ruler
ISIC_0000071.jpg,Normal_Ruler
ISIC_0000085_downsampled.jpg,Normal_Ruler
ISIC_0000086_downsampled.jpg,Normal_Ruler
ISIC_0000091_downsampled.jpg,Normal_Ruler
ISIC_0000093_downsampled.jpg,Normal_Ruler
ISIC_0000094_downsampled.jpg,Normal_Ruler
ISIC_0000095_downsampled.jpg,Normal_Ruler
ISIC_0000097_downsampled.jpg,Normal_Ruler
ISIC_0000098_downsampled.jpg,Normal_Ruler
ISIC_0000099_downsampled.jpg,Normal_Ruler
ISIC_0000102_downsampled.jpg,Normal_Ruler
ISIC_0000104_downsampled.jpg,Normal_Ruler
ISIC_0000107_downsampled.jpg,Normal_Ruler
ISIC_0000110_downsampled.jpg,Normal_Ruler
ISIC_0000112_downsampled.jpg,Normal_Ruler
ISIC_0000114_downsampled.jpg,Normal_Ruler
ISIC_0000115_downsampled.jpg,Normal_Ruler
ISIC_0000117_downsampled.jpg,Normal_Ruler
ISIC_0000118_downsampled.jpg,Normal_Ruler
ISIC_0000123_downsampled.jpg,Normal_Ruler
ISIC_0000125_downsampled.jpg,Normal_Ruler
ISIC_0000126_downsampled.jpg,Normal_Ruler
ISIC_0000128_downsampled.jpg,Normal_Ruler
ISIC_0000129_downsampled.jpg,Normal_Ruler
ISIC_0000131_downsampled.jpg,Normal_Ruler
ISIC_0000132_downsampled.jpg,Normal_Ruler
ISIC_0000133_downsampled.jpg,Normal_Ruler
ISIC_0000134_downsampled.jpg,Normal_Ruler
ISIC_0000137_downsampled.jpg,Normal_Ruler
ISIC_0000146_downsampled.jpg,Normal_Ruler
ISIC_0000149_downsampled.jpg,Normal_Ruler
ISIC_0000150_downsampled.jpg,Normal_Ruler
ISIC_0000154_downsampled.jpg,Normal_Ruler
ISIC_0000155_downsampled.jpg,Normal_Ruler
ISIC_0000156_downsampled.jpg,Normal_Ruler
ISIC_0000249.jpg,Normal_Ruler
ISIC_0000258.jpg,Normal_Ruler
ISIC_0000268.jpg,Normal_Ruler
ISIC_0000275.jpg,Normal_Ruler
ISIC_0000279.jpg,Normal_Ruler
ISIC_0000281.jpg,Normal_Ruler
ISIC_0000283.jpg,Normal_Ruler
ISIC_0000285.jpg,Normal_Ruler
ISIC_0000289.jpg,Normal_Ruler
ISIC_0000290.jpg,Normal_Ruler
ISIC_0000292.jpg,Normal_Ruler
ISIC_0000293.jpg,Normal_Ruler
ISIC_0000403_downsampled.jpg,Normal_Ruler
ISIC_0000407_downsampled.jpg,Normal_Ruler
ISIC_0000418_downsampled.jpg,Normal_Ruler
ISIC_0000420_downsampled.jpg,Normal_Ruler
ISIC_0000425_downsampled.jpg,Normal_Ruler
ISIC_0000439_downsampled.jpg,Normal_Ruler
ISIC_0000442_downsampled.jpg,Normal_Ruler
ISIC_0000445_downsampled.jpg,Normal_Ruler
ISIC_0000458.jpg,Normal_Ruler
ISIC_0000460.jpg,Normal_Ruler
ISIC_0000469.jpg,Normal_Ruler
ISIC_0000473_downsampled.jpg,Normal_Ruler
ISIC_0000480.jpg,Normal_Ruler
ISIC_0000487.jpg,Normal_Ruler
ISIC_0000488.jpg,Normal_Ruler
ISIC_0000492.jpg,Normal_Ruler
ISIC_0000494.jpg,Normal_Ruler
ISIC_0000499.jpg,Normal_Ruler
ISIC_0000500.jpg,Normal_Ruler
ISIC_0000504_downsampled.jpg,Normal_Ruler
ISIC_0000505.jpg,Normal_Ruler
ISIC_0000506.jpg,Normal_Ruler
ISIC_0000507.jpg,Normal_Ruler
ISIC_0000513.jpg,Normal_Ruler
ISIC_0000516.jpg,Normal_Ruler
ISIC_0000519_downsampled.jpg,Normal_Ruler
ISIC_0000528.jpg,Normal_Ruler
ISIC_0000531.jpg,Normal_Ruler
ISIC_0000535.jpg,Normal_Ruler
ISIC_0000536.jpg,Normal_Ruler
ISIC_0000547.jpg,Normal_Ruler
ISIC_0000550.jpg,Normal_Ruler
ISIC_0000554.jpg,Normal_Ruler
ISIC_0000555.jpg,Normal_Ruler
ISIC_0001100_downsampled.jpg,Normal_Ruler
ISIC_0001102_downsampled.jpg,Normal_Ruler
ISIC_0001131_downsampled.jpg,Normal_Ruler
ISIC_0001133_downsampled.jpg,Normal_Ruler
ISIC_0001142_downsampled.jpg,Normal_Ruler
ISIC_0009869.jpg,Normal_Ruler
ISIC_0009870.jpg,Normal_Ruler
ISIC_0009888.jpg,Normal_Ruler
ISIC_0009889.jpg,Normal_Ruler
ISIC_0009891.jpg,Normal_Ruler
ISIC_0009917.jpg,Normal_Ruler
ISIC_0009925.jpg,Normal_Ruler
ISIC_0009927.jpg,Normal_Ruler
ISIC_0009929.jpg,Normal_Ruler
ISIC_0009930.jpg,Normal_Ruler
ISIC_0009942.jpg,Normal_Ruler
ISIC_0009943.jpg,Normal_Ruler
ISIC_0009945.jpg,Normal_Ruler
ISIC_0009946.jpg,Normal_Ruler
ISIC_0009948.jpg,Normal_Ruler
ISIC_0009956.jpg,Normal_Ruler
ISIC_0009967.jpg,Normal_Ruler
ISIC_0009972.jpg,Normal_Ruler
ISIC_0009974.jpg,Normal_Ruler
ISIC_0009979.jpg,Normal_Ruler
ISIC_0009982.jpg,Normal_Ruler
ISIC_0009992.jpg,Normal_Ruler
ISIC_0010003.jpg,Normal_Ruler
ISIC_0010005.jpg,Normal_Ruler
ISIC_0010006.jpg,Normal_Ruler
ISIC_0010011.jpg,Normal_Ruler
ISIC_0010013.jpg,Normal_Ruler
ISIC_0010029.jpg,Normal_Ruler
ISIC_0010043.jpg,Normal_Ruler
ISIC_0010044.jpg,Normal_Ruler
ISIC_0010047.jpg,Normal_Ruler
ISIC_0010051.jpg,Normal_Ruler
ISIC_0010059.jpg,Normal_Ruler
ISIC_0010060.jpg,Normal_Ruler
ISIC_0010075.jpg,Normal_Ruler
ISIC_0010081.jpg,Normal_Ruler
ISIC_0010092.jpg,Normal_Ruler
ISIC_0010104.jpg,Normal_Ruler
ISIC_0010171.jpg,Normal_Ruler
ISIC_0010174.jpg,Normal_Ruler
ISIC_0010176.jpg,Normal_Ruler
ISIC_0010178.jpg,Normal_Ruler
ISIC_0010183.jpg,Normal_Ruler
ISIC_0010184.jpg,Normal_Ruler
ISIC_0010194.jpg,Normal_Ruler
ISIC_0010207.jpg,Normal_Ruler
ISIC_0010216.jpg,Normal_Ruler
ISIC_0010220.jpg,Normal_Ruler
ISIC_0010227.jpg,Normal_Ruler
ISIC_0010231.jpg,Normal_Ruler
ISIC_0010233.jpg,Normal_Ruler
ISIC_0010236.jpg,Normal_Ruler
ISIC_0010237.jpg,Normal_Ruler
ISIC_0010238.jpg,Normal_Ruler
ISIC_0010241.jpg,Normal_Ruler
ISIC_0010244.jpg,Normal_Ruler
ISIC_0010254.jpg,Normal_Ruler
ISIC_0010261.jpg,Normal_Ruler
ISIC_0010317.jpg,Normal_Ruler
ISIC_0010318.jpg,Normal_Ruler
ISIC_0010320.jpg,Normal_Ruler
ISIC_0010321.jpg,Normal_Ruler
ISIC_0010327.jpg,Normal_Ruler
ISIC_0010329.jpg,Normal_Ruler
ISIC_0010337.jpg,Normal_Ruler
ISIC_0010350.jpg,Normal_Ruler
ISIC_0010351.jpg,Normal_Ruler
ISIC_0010362.jpg,Normal_Ruler
ISIC_0010368.jpg,Normal_Ruler
ISIC_0010374.jpg,Normal_Ruler
ISIC_0010379.jpg,Normal_Ruler
ISIC_0010435.jpg,Normal_Ruler
ISIC_0010466.jpg,Normal_Ruler
ISIC_0010467.jpg,Normal_Ruler
ISIC_0010471.jpg,Normal_Ruler
ISIC_0010472.jpg,Normal_Ruler
ISIC_0010474.jpg,Normal_Ruler
ISIC_0010481.jpg,Normal_Ruler
ISIC_0010487.jpg,Normal_Ruler
ISIC_0010494.jpg,Normal_Ruler
ISIC_0010554.jpg,Normal_Ruler
ISIC_0010585.jpg,Normal_Ruler
ISIC_0010586.jpg,Normal_Ruler
ISIC_0010590.jpg,Normal_Ruler
ISIC_0010591.jpg,Normal_Ruler
ISIC_0010596.jpg,Normal_Ruler
ISIC_0010602.jpg,Normal_Ruler
ISIC_0010607.jpg,Normal_Ruler
ISIC_0010848.jpg,Normal_Ruler
ISIC_0010849.jpg,Normal_Ruler
ISIC_0010852.jpg,Normal_Ruler
ISIC_0010853.jpg,Normal_Ruler
ISIC_0010857.jpg,Normal_Ruler
ISIC_0010861.jpg,Normal_Ruler
ISIC_0011081.jpg,Normal_Ruler
ISIC_0011082.jpg,Normal_Ruler
ISIC_0011126.jpg,Normal_Ruler
ISIC_0011128.jpg,Normal_Ruler
ISIC_0011135.jpg,Normal_Ruler
ISIC_0011136.jpg,Normal_Ruler
ISIC_0011139.jpg,Normal_Ruler
ISIC_0011158.jpg,Normal_Ruler
ISIC_0011161.jpg,Normal_Ruler
ISIC_0011164.jpg,Normal_Ruler
ISIC_0011199.jpg,Normal_Ruler
ISIC_0011203.jpg,Normal_Ruler
ISIC_0011207.jpg,Normal_Ruler
ISIC_0011208.jpg,Normal_Ruler
ISIC_0011210.jpg,Normal_Ruler
ISIC_0011215.jpg,Normal_Ruler
ISIC_0011217.jpg,Normal_Ruler
ISIC_0011219.jpg,Normal_Ruler
ISIC_0011225.jpg,Normal_Ruler
ISIC_0011227.jpg,Normal_Ruler
ISIC_0011295.jpg,Normal_Ruler
ISIC_0011298.jpg,Normal_Ruler
ISIC_0011317.jpg,Normal_Ruler
ISIC_0011321.jpg,Normal_Ruler
ISIC_0011322.jpg,Normal_Ruler
ISIC_0011324.jpg,Normal_Ruler
ISIC_0011327.jpg,Normal_Ruler
ISIC_0011328.jpg,Normal_Ruler
ISIC_0011334.jpg,Normal_Ruler
ISIC_0011358.jpg,Normal_Ruler
ISIC_0011359.jpg,Normal_Ruler
ISIC_0011362.jpg,Normal_Ruler
ISIC_0011366.jpg,Normal_Ruler
ISIC_0011386.jpg,Normal_Ruler
ISIC_0011398.jpg,Normal_Ruler
ISIC_0012086_downsampled.jpg,Normal_Ruler
ISIC_0012089_downsampled.jpg,Normal_Ruler
ISIC_0012090_downsampled.jpg,Normal_Ruler
ISIC_0012092_downsampled.jpg,Normal_Ruler
ISIC_0012094_downsampled.jpg,Normal_Ruler
ISIC_0012095_downsampled.jpg,Normal_Ruler
ISIC_0012097_downsampled.jpg,Normal_Ruler
ISIC_0012099_downsampled.jpg,Normal_Ruler
ISIC_0012102_downsampled.jpg,Normal_Ruler
ISIC_0012103_downsampled.jpg,Normal_Ruler
ISIC_0012105_downsampled.jpg,Normal_Ruler
ISIC_0012107_downsampled.jpg,Normal_Ruler
ISIC_0012108_downsampled.jpg,Normal_Ruler
ISIC_0012109_downsampled.jpg,Normal_Ruler
ISIC_0012116_downsampled.jpg,Normal_Ruler
ISIC_0012117_downsampled.jpg,Normal_Ruler
ISIC_0012118_downsampled.jpg,Normal_Ruler
ISIC_0012126_downsampled.jpg,Normal_Ruler
ISIC_0012127_downsampled.jpg,Normal_Ruler
ISIC_0012134_downsampled.jpg,Normal_Ruler
ISIC_0012135_downsampled.jpg,Normal_Ruler
ISIC_0012136_downsampled.jpg,Normal_Ruler
ISIC_0012137_downsampled.jpg,Normal_Ruler
ISIC_0012141_downsampled.jpg,Normal_Ruler
ISIC_0012143_downsampled.jpg,Normal_Ruler
ISIC_0012147_downsampled.jpg,Normal_Ruler
ISIC_0012148_downsampled.jpg,Normal_Ruler
ISIC_0012149_downsampled.jpg,Normal_Ruler
ISIC_0012150_downsampled.jpg,Normal_Ruler
ISIC_0012151_downsampled.jpg,Normal_Ruler
ISIC_0012152_downsampled.jpg,Normal_Ruler
ISIC_0012155_downsampled.jpg,Normal_Ruler
ISIC_0012156_downsampled.jpg,Normal_Ruler
ISIC_0012159_downsampled.jpg,Normal_Ruler
ISIC_0012160_downsampled.jpg,Normal_Ruler
ISIC_0012164_downsampled.jpg,Normal_Ruler
ISIC_0012167_downsampled.jpg,Normal_Ruler
ISIC_0012170_downsampled.jpg,Normal_Ruler
ISIC_0012172_downsampled.jpg,Normal_Ruler
ISIC_0012173_downsampled.jpg,Normal_Ruler
ISIC_0012175_downsampled.jpg,Normal_Ruler
ISIC_0012177_downsampled.jpg,Normal_Ruler
ISIC_0012178_downsampled.jpg,Normal_Ruler
ISIC_0012179_downsampled.jpg,Normal_Ruler
ISIC_0012182_downsampled.jpg,Normal_Ruler
ISIC_0012183_downsampled.jpg,Normal_Ruler
ISIC_0012187_downsampled.jpg,Normal_Ruler
ISIC_0012191_downsampled.jpg,Normal_Ruler
ISIC_0012199_downsampled.jpg,Normal_Ruler
ISIC_0012201_downsampled.jpg,Normal_Ruler
ISIC_0012203_downsampled.jpg,Normal_Ruler
ISIC_0012204_downsampled.jpg,Normal_Ruler
ISIC_0012205_downsampled.jpg,Normal_Ruler
ISIC_0012206_downsampled.jpg,Normal_Ruler
ISIC_0012207_downsampled.jpg,Normal_Ruler
ISIC_0012208_downsampled.jpg,Normal_Ruler
ISIC_0012209_downsampled.jpg,Normal_Ruler
ISIC_0012210_downsampled.jpg,Normal_Ruler
ISIC_0012211_downsampled.jpg,Normal_Ruler
ISIC_0012212_downsampled.jpg,Normal_Ruler
ISIC_0012213_downsampled.jpg,Normal_Ruler
ISIC_0012214_downsampled.jpg,Normal_Ruler
ISIC_0012215_downsampled.jpg,Normal_Ruler
ISIC_0012216_downsampled.jpg,Normal_Ruler
ISIC_0012217_downsampled.jpg,Normal_Ruler
ISIC_0012221_downsampled.jpg,Normal_Ruler
ISIC_0012222_downsampled.jpg,Normal_Ruler
ISIC_0012223_downsampled.jpg,Normal_Ruler
ISIC_0012224_downsampled.jpg,Normal_Ruler
ISIC_0012227_downsampled.jpg,Normal_Ruler
ISIC_0012228_downsampled.jpg,Normal_Ruler
ISIC_0012230_downsampled.jpg,Normal_Ruler
ISIC_0012232_downsampled.jpg,Normal_Ruler
ISIC_0012233_downsampled.jpg,Normal_Ruler
ISIC_0012235_downsampled.jpg,Normal_Ruler
ISIC_0012237_downsampled.jpg,Normal_Ruler
ISIC_0012238_downsampled.jpg,Normal_Ruler
ISIC_0012240_downsampled.jpg,Normal_Ruler
ISIC_0012245_downsampled.jpg,Normal_Ruler
ISIC_0012246_downsampled.jpg,Normal_Ruler
ISIC_0012248_downsampled.jpg,Normal_Ruler
ISIC_0012250_downsampled.jpg,Normal_Ruler
ISIC_0012253_downsampled.jpg,Normal_Ruler
ISIC_0012254_downsampled.jpg,Normal_Ruler
ISIC_0012256_downsampled.jpg,Normal_Ruler
ISIC_0012257_downsampled.jpg,Normal_Ruler
ISIC_0012258_downsampled.jpg,Normal_Ruler
ISIC_0012259_downsampled.jpg,Normal_Ruler
ISIC_0012260_downsampled.jpg,Normal_Ruler
ISIC_0012261_downsampled.jpg,Normal_Ruler
ISIC_0012263_downsampled.jpg,Normal_Ruler
ISIC_0012265_downsampled.jpg,Normal_Ruler
ISIC_0012266_downsampled.jpg,Normal_Ruler
ISIC_0012268_downsampled.jpg,Normal_Ruler
ISIC_0012271_downsampled.jpg,Normal_Ruler
ISIC_0012272_downsampled.jpg,Normal_Ruler
ISIC_0012273_downsampled.jpg,Normal_Ruler
ISIC_0012274_downsampled.jpg,Normal_Ruler
ISIC_0012278_downsampled.jpg,Normal_Ruler
ISIC_0012281_downsampled.jpg,Normal_Ruler
ISIC_0012282_downsampled.jpg,Normal_Ruler
ISIC_0012284_downsampled.jpg,Normal_Ruler
ISIC_0012285_downsampled.jpg,Normal_Ruler
ISIC_0012288_downsampled.jpg,Normal_Ruler
ISIC_0012290_downsampled.jpg,Normal_Ruler
ISIC_0012291_downsampled.jpg,Normal_Ruler
ISIC_0012294_downsampled.jpg,Normal_Ruler
ISIC_0012298_downsampled.jpg,Normal_Ruler
ISIC_0012299_downsampled.jpg,Normal_Ruler
ISIC_0012303_downsampled.jpg,Normal_Ruler
ISIC_0012306_downsampled.jpg,Normal_Ruler
ISIC_0012309_downsampled.jpg,Normal_Ruler
ISIC_0012311_downsampled.jpg,Normal_Ruler
ISIC_0012313_downsampled.jpg,Normal_Ruler
ISIC_0012314_downsampled.jpg,Normal_Ruler
ISIC_0012316_downsampled.jpg,Normal_Ruler
ISIC_0012318_downsampled.jpg,Normal_Ruler
ISIC_0012320_downsampled.jpg,Normal_Ruler
ISIC_0012322_downsampled.jpg,Normal_Ruler
ISIC_0012323_downsampled.jpg,Normal_Ruler
ISIC_0012324_downsampled.jpg,Normal_Ruler
ISIC_0012325_downsampled.jpg,Normal_Ruler
ISIC_0012329_downsampled.jpg,Normal_Ruler
ISIC_0012330_downsampled.jpg,Normal_Ruler
ISIC_0012332_downsampled.jpg,Normal_Ruler
ISIC_0012333_downsampled.jpg,Normal_Ruler
ISIC_0012334_downsampled.jpg,Normal_Ruler
ISIC_0012335_downsampled.jpg,Normal_Ruler
ISIC_0012338_downsampled.jpg,Normal_Ruler
ISIC_0012339_downsampled.jpg,Normal_Ruler
ISIC_0012342_downsampled.jpg,Normal_Ruler
ISIC_0012348_downsampled.jpg,Normal_Ruler
ISIC_0012351_downsampled.jpg,Normal_Ruler
ISIC_0012356_downsampled.jpg,Normal_Ruler
ISIC_0012357_downsampled.jpg,Normal_Ruler
ISIC_0012358_downsampled.jpg,Normal_Ruler
ISIC_0012359_downsampled.jpg,Normal_Ruler
ISIC_0012360_downsampled.jpg,Normal_Ruler
ISIC_0012363_downsampled.jpg,Normal_Ruler
ISIC_0012364_downsampled.jpg,Normal_Ruler
ISIC_0012369_downsampled.jpg,Normal_Ruler
ISIC_0012372_downsampled.jpg,Normal_Ruler
ISIC_0012374_downsampled.jpg,Normal_Ruler
ISIC_0012375_downsampled.jpg,Normal_Ruler
ISIC_0012376_downsampled.jpg,Normal_Ruler
ISIC_0012377_downsampled.jpg,Normal_Ruler
ISIC_0012378_downsampled.jpg,Normal_Ruler
ISIC_0012379_downsampled.jpg,Normal_Ruler
ISIC_0012380_downsampled.jpg,Normal_Ruler
ISIC_0012381_downsampled.jpg,Normal_Ruler
ISIC_0012382_downsampled.jpg,Normal_Ruler
ISIC_0012383_downsampled.jpg,Normal_Ruler
ISIC_0012384_downsampled.jpg,Normal_Ruler
ISIC_0012386_downsampled.jpg,Normal_Ruler
ISIC_0012387_downsampled.jpg,Normal_Ruler
ISIC_0012388_downsampled.jpg,Normal_Ruler
ISIC_0012390_downsampled.jpg,Normal_Ruler
ISIC_0012391_downsampled.jpg,Normal_Ruler
ISIC_0012395_downsampled.jpg,Normal_Ruler
ISIC_0012397_downsampled.jpg,Normal_Ruler
ISIC_0012400_downsampled.jpg,Normal_Ruler
ISIC_0012406_downsampled.jpg,Normal_Ruler
ISIC_0012413_downsampled.jpg,Normal_Ruler
ISIC_0012414_downsampled.jpg,Normal_Ruler
ISIC_0012415_downsampled.jpg,Normal_Ruler
ISIC_0012416_downsampled.jpg,Normal_Ruler
ISIC_0012417_downsampled.jpg,Normal_Ruler
ISIC_0012425_downsampled.jpg,Normal_Ruler
ISIC_0012428_downsampled.jpg,Normal_Ruler
ISIC_0012432_downsampled.jpg,Normal_Ruler
ISIC_0012433_downsampled.jpg,Normal_Ruler
ISIC_0012434_downsampled.jpg,Normal_Ruler
ISIC_0012435_downsampled.jpg,Normal_Ruler
ISIC_0012442_downsampled.jpg,Normal_Ruler
ISIC_0012445_downsampled.jpg,Normal_Ruler
ISIC_0012447_downsampled.jpg,Normal_Ruler
ISIC_0012448_downsampled.jpg,Normal_Ruler
ISIC_0012450_downsampled.jpg,Normal_Ruler
ISIC_0012452_downsampled.jpg,Normal_Ruler
ISIC_0012453_downsampled.jpg,Normal_Ruler
ISIC_0012455_downsampled.jpg,Normal_Ruler
ISIC_0012459_downsampled.jpg,Normal_Ruler
ISIC_0012460_downsampled.jpg,Normal_Ruler
ISIC_0012464_downsampled.jpg,Normal_Ruler
ISIC_0012469_downsampled.jpg,Normal_Ruler
ISIC_0012473_downsampled.jpg,Normal_Ruler
ISIC_0012475_downsampled.jpg,Normal_Ruler
ISIC_0012478_downsampled.jpg,Normal_Ruler
ISIC_0012481_downsampled.jpg,Normal_Ruler
ISIC_0012484_downsampled.jpg,Normal_Ruler
ISIC_0012487_downsampled.jpg,Normal_Ruler
ISIC_0012489_downsampled.jpg,Normal_Ruler
ISIC_0012492_downsampled.jpg,Normal_Ruler
ISIC_0012493_downsampled.jpg,Normal_Ruler
ISIC_0012494_downsampled.jpg,Normal_Ruler
ISIC_0012495_downsampled.jpg,Normal_Ruler
ISIC_0012496_downsampled.jpg,Normal_Ruler
ISIC_0012501_downsampled.jpg,Normal_Ruler
ISIC_0012503_downsampled.jpg,Normal_Ruler
ISIC_0012506_downsampled.jpg,Normal_Ruler
ISIC_0012508_downsampled.jpg,Normal_Ruler
ISIC_0012510_downsampled.jpg,Normal_Ruler
ISIC_0012511_downsampled.jpg,Normal_Ruler
ISIC_0012512_downsampled.jpg,Normal_Ruler
ISIC_0012513_downsampled.jpg,Normal_Ruler
ISIC_0012516_downsampled.jpg,Normal_Ruler
ISIC_0012517_downsampled.jpg,Normal_Ruler
ISIC_0012518_downsampled.jpg,Normal_Ruler
ISIC_0012520_downsampled.jpg,Normal_Ruler
ISIC_0012521_downsampled.jpg,Normal_Ruler
ISIC_0012522_downsampled.jpg,Normal_Ruler
ISIC_0012523_downsampled.jpg,Normal_Ruler
ISIC_0012526_downsampled.jpg,Normal_Ruler
ISIC_0012527_downsampled.jpg,Normal_Ruler
ISIC_0012529_downsampled.jpg,Normal_Ruler
ISIC_0012537_downsampled.jpg,Normal_Ruler
ISIC_0012538_downsampled.jpg,Normal_Ruler
ISIC_0012539_downsampled.jpg,Normal_Ruler
ISIC_0012543_downsampled.jpg,Normal_Ruler
ISIC_0012544_downsampled.jpg,Normal_Ruler
ISIC_0012547_downsampled.jpg,Normal_Ruler
ISIC_0012548_downsampled.jpg,Normal_Ruler
ISIC_0012549_downsampled.jpg,Normal_Ruler
ISIC_0012550_downsampled.jpg,Normal_Ruler
ISIC_0012551_downsampled.jpg,Normal_Ruler
ISIC_0012653_downsampled.jpg,Normal_Ruler
ISIC_0012654_downsampled.jpg,Normal_Ruler
ISIC_0012655_downsampled.jpg,Normal_Ruler
ISIC_0012656_downsampled.jpg,Normal_Ruler
ISIC_0012657_downsampled.jpg,Normal_Ruler
ISIC_0012658_downsampled.jpg,Normal_Ruler
ISIC_0012659_downsampled.jpg,Normal_Ruler
ISIC_0012660_downsampled.jpg,Normal_Ruler
ISIC_0012661_downsampled.jpg,Normal_Ruler
ISIC_0012666_downsampled.jpg,Normal_Ruler
ISIC_0012669_downsampled.jpg,Normal_Ruler
ISIC_0012670_downsampled.jpg,Normal_Ruler
ISIC_0012671_downsampled.jpg,Normal_Ruler
ISIC_0012672_downsampled.jpg,Normal_Ruler
ISIC_0012673_downsampled.jpg,Normal_Ruler
ISIC_0012674_downsampled.jpg,Normal_Ruler
ISIC_0012675_downsampled.jpg,Normal_Ruler
ISIC_0012676_downsampled.jpg,Normal_Ruler
ISIC_0012677_downsampled.jpg,Normal_Ruler
ISIC_0012678_downsampled.jpg,Normal_Ruler
ISIC_0012679_downsampled.jpg,Normal_Ruler
ISIC_0012680_downsampled.jpg,Normal_Ruler
ISIC_0012681_downsampled.jpg,Normal_Ruler
ISIC_0012682_downsampled.jpg,Normal_Ruler
ISIC_0012683_downsampled.jpg,Normal_Ruler
ISIC_0012684_downsampled.jpg,Normal_Ruler
ISIC_0012685_downsampled.jpg,Normal_Ruler
ISIC_0012690_downsampled.jpg,Normal_Ruler
ISIC_0012692_downsampled.jpg,Normal_Ruler
ISIC_0012693_downsampled.jpg,Normal_Ruler
ISIC_0012696_downsampled.jpg,Normal_Ruler
ISIC_0012697_downsampled.jpg,Normal_Ruler
ISIC_0012699_downsampled.jpg,Normal_Ruler
ISIC_0012700_downsampled.jpg,Normal_Ruler
ISIC_0012701_downsampled.jpg,Normal_Ruler
ISIC_0012702_downsampled.jpg,Normal_Ruler
ISIC_0012704_downsampled.jpg,Normal_Ruler
ISIC_0012705_downsampled.jpg,Normal_Ruler
ISIC_0012706_downsampled.jpg,Normal_Ruler
ISIC_0012708_downsampled.jpg,Normal_Ruler
ISIC_0012709_downsampled.jpg,Normal_Ruler
ISIC_0012710_downsampled.jpg,Normal_Ruler
ISIC_0012711_downsampled.jpg,Normal_Ruler
ISIC_0012713_downsampled.jpg,Normal_Ruler
ISIC_0012715_downsampled.jpg,Normal_Ruler
ISIC_0012719_downsampled.jpg,Normal_Ruler
ISIC_0012720_downsampled.jpg,Normal_Ruler
ISIC_0012721_downsampled.jpg,Normal_Ruler
ISIC_0012722_downsampled.jpg,Normal_Ruler
ISIC_0012725_downsampled.jpg,Normal_Ruler
ISIC_0012726_downsampled.jpg,Normal_Ruler
ISIC_0012735_downsampled.jpg,Normal_Ruler
ISIC_0012737_downsampled.jpg,Normal_Ruler
ISIC_0012739_downsampled.jpg,Normal_Ruler
ISIC_0012740_downsampled.jpg,Normal_Ruler
ISIC_0012741_downsampled.jpg,Normal_Ruler
ISIC_0012742_downsampled.jpg,Normal_Ruler
ISIC_0012744_downsampled.jpg,Normal_Ruler
ISIC_0012746_downsampled.jpg,Normal_Ruler
ISIC_0012749_downsampled.jpg,Normal_Ruler
ISIC_0012756_downsampled.jpg,Normal_Ruler
ISIC_0012757_downsampled.jpg,Normal_Ruler
ISIC_0012768_downsampled.jpg,Normal_Ruler
ISIC_0012770_downsampled.jpg,Normal_Ruler
ISIC_0012772_downsampled.jpg,Normal_Ruler
ISIC_0012773_downsampled.jpg,Normal_Ruler
ISIC_0012777_downsampled.jpg,Normal_Ruler
ISIC_0012785_downsampled.jpg,Normal_Ruler
ISIC_0012786_downsampled.jpg,Normal_Ruler
ISIC_0012787_downsampled.jpg,Normal_Ruler
ISIC_0012788_downsampled.jpg,Normal_Ruler
ISIC_0012789_downsampled.jpg,Normal_Ruler
ISIC_0012790_downsampled.jpg,Normal_Ruler
ISIC_0012792_downsampled.jpg,Normal_Ruler
ISIC_0012793_downsampled.jpg,Normal_Ruler
ISIC_0012800_downsampled.jpg,Normal_Ruler
ISIC_0012803_downsampled.jpg,Normal_Ruler
ISIC_0012804_downsampled.jpg,Normal_Ruler
ISIC_0012806_downsampled.jpg,Normal_Ruler
ISIC_0012810_downsampled.jpg,Normal_Ruler
ISIC_0012813_downsampled.jpg,Normal_Ruler
ISIC_0012814_downsampled.jpg,Normal_Ruler
ISIC_0012823_downsampled.jpg,Normal_Ruler
ISIC_0012826_downsampled.jpg,Normal_Ruler
ISIC_0012827_downsampled.jpg,Normal_Ruler
ISIC_0012828_downsampled.jpg,Normal_Ruler
ISIC_0012833_downsampled.jpg,Normal_Ruler
ISIC_0012835_downsampled.jpg,Normal_Ruler
ISIC_0012836_downsampled.jpg,Normal_Ruler
ISIC_0012837_downsampled.jpg,Normal_Ruler
ISIC_0012840_downsampled.jpg,Normal_Ruler
ISIC_0012844_downsampled.jpg,Normal_Ruler
ISIC_0012845_downsampled.jpg,Normal_Ruler
ISIC_0012848_downsampled.jpg,Normal_Ruler
ISIC_0012851_downsampled.jpg,Normal_Ruler
ISIC_0012852_downsampled.jpg,Normal_Ruler
ISIC_0012854_downsampled.jpg,Normal_Ruler
ISIC_0012855_downsampled.jpg,Normal_Ruler
ISIC_0012856_downsampled.jpg,Normal_Ruler
ISIC_0012865_downsampled.jpg,Normal_Ruler
ISIC_0012871_downsampled.jpg,Normal_Ruler
ISIC_0012873_downsampled.jpg,Normal_Ruler
ISIC_0012876_downsampled.jpg,Normal_Ruler
ISIC_0012877_downsampled.jpg,Normal_Ruler
ISIC_0012878_downsampled.jpg,Normal_Ruler
ISIC_0012879_downsampled.jpg,Normal_Ruler
ISIC_0012880_downsampled.jpg,Normal_Ruler
ISIC_0012883_downsampled.jpg,Normal_Ruler
ISIC_0012884_downsampled.jpg,Normal_Ruler
ISIC_0012887_downsampled.jpg,Normal_Ruler
ISIC_0012888_downsampled.jpg,Normal_Ruler
ISIC_0012889_downsampled.jpg,Normal_Ruler
ISIC_0012891_downsampled.jpg,Normal_Ruler
ISIC_0012897_downsampled.jpg,Normal_Ruler
ISIC_0012898_downsampled.jpg,Normal_Ruler
ISIC_0012901_downsampled.jpg,Normal_Ruler
ISIC_0012902_downsampled.jpg,Normal_Ruler
ISIC_0012903_downsampled.jpg,Normal_Ruler
ISIC_0012904_downsampled.jpg,Normal_Ruler
ISIC_0012905_downsampled.jpg,Normal_Ruler
ISIC_0012907_downsampled.jpg,Normal_Ruler
ISIC_0012911_downsampled.jpg,Normal_Ruler
ISIC_0012927_downsampled.jpg,Normal_Ruler
ISIC_0012928_downsampled.jpg,Normal_Ruler
ISIC_0012930_downsampled.jpg,Normal_Ruler
ISIC_0012932_downsampled.jpg,Normal_Ruler
ISIC_0012939_downsampled.jpg,Normal_Ruler
ISIC_0012940_downsampled.jpg,Normal_Ruler
ISIC_0012941_downsampled.jpg,Normal_Ruler
ISIC_0012944_downsampled.jpg,Normal_Ruler
ISIC_0012945_downsampled.jpg,Normal_Ruler
ISIC_0012949_downsampled.jpg,Normal_Ruler
ISIC_0012950_downsampled.jpg,Normal_Ruler
ISIC_0012952_downsampled.jpg,Normal_Ruler
ISIC_0012955_downsampled.jpg,Normal_Ruler
ISIC_0012956_downsampled.jpg,Normal_Ruler
ISIC_0012959_downsampled.jpg,Normal_Ruler
ISIC_0012961_downsampled.jpg,Normal_Ruler
ISIC_0012962_downsampled.jpg,Normal_Ruler
ISIC_0012965_downsampled.jpg,Normal_Ruler
ISIC_0012966_downsampled.jpg,Normal_Ruler
ISIC_0012967_downsampled.jpg,Normal_Ruler
ISIC_0012969_downsampled.jpg,Normal_Ruler
ISIC_0012970_downsampled.jpg,Normal_Ruler
ISIC_0012974_downsampled.jpg,Normal_Ruler
ISIC_0012976_downsampled.jpg,Normal_Ruler
ISIC_0012981_downsampled.jpg,Normal_Ruler
ISIC_0012982_downsampled.jpg,Normal_Ruler
ISIC_0012986_downsampled.jpg,Normal_Ruler
ISIC_0012987_downsampled.jpg,Normal_Ruler
ISIC_0012988_downsampled.jpg,Normal_Ruler
ISIC_0012989_downsampled.jpg,Normal_Ruler
ISIC_0012990_downsampled.jpg,Normal_Ruler
ISIC_0012999_downsampled.jpg,Normal_Ruler
ISIC_0013000_downsampled.jpg,Normal_Ruler
ISIC_0013001_downsampled.jpg,Normal_Ruler
ISIC_0013007_downsampled.jpg,Normal_Ruler
ISIC_0013010_downsampled.jpg,Normal_Ruler
ISIC_0013012_downsampled.jpg,Normal_Ruler
ISIC_0013014_downsampled.jpg,Normal_Ruler
ISIC_0013015_downsampled.jpg,Normal_Ruler
ISIC_0013023_downsampled.jpg,Normal_Ruler
ISIC_0013024_downsampled.jpg,Normal_Ruler
ISIC_0013025_downsampled.jpg,Normal_Ruler
ISIC_0013026_downsampled.jpg,Normal_Ruler
ISIC_0013027_downsampled.jpg,Normal_Ruler
ISIC_0013030_downsampled.jpg,Normal_Ruler
ISIC_0013031_downsampled.jpg,Normal_Ruler
ISIC_0013032_downsampled.jpg,Normal_Ruler
ISIC_0013033_downsampled.jpg,Normal_Ruler
ISIC_0013034_downsampled.jpg,Normal_Ruler
ISIC_0013035_downsampled.jpg,Normal_Ruler
ISIC_0013039_downsampled.jpg,Normal_Ruler
ISIC_0013040_downsampled.jpg,Normal_Ruler
ISIC_0013044_downsampled.jpg,Normal_Ruler
ISIC_0013047_downsampled.jpg,Normal_Ruler
ISIC_0013048_downsampled.jpg,Normal_Ruler
ISIC_0013052_downsampled.jpg,Normal_Ruler
ISIC_0013053_downsampled.jpg,Normal_Ruler
ISIC_0013054_downsampled.jpg,Normal_Ruler
ISIC_0013055_downsampled.jpg,Normal_Ruler
ISIC_0013059_downsampled.jpg,Normal_Ruler
ISIC_0013063_downsampled.jpg,Normal_Ruler
ISIC_0013065_downsampled.jpg,Normal_Ruler
ISIC_0013070_downsampled.jpg,Normal_Ruler
ISIC_0013071_downsampled.jpg,Normal_Ruler
ISIC_0013072_downsampled.jpg,Normal_Ruler
ISIC_0013073_downsampled.jpg,Normal_Ruler
ISIC_0013075_downsampled.jpg,Normal_Ruler
ISIC_0013079_downsampled.jpg,Normal_Ruler
ISIC_0013080_downsampled.jpg,Normal_Ruler
ISIC_0013082_downsampled.jpg,Normal_Ruler
ISIC_0013084_downsampled.jpg,Normal_Ruler
ISIC_0013085_downsampled.jpg,Normal_Ruler
ISIC_0013086_downsampled.jpg,Normal_Ruler
ISIC_0013087_downsampled.jpg,Normal_Ruler
ISIC_0013088_downsampled.jpg,Normal_Ruler
ISIC_0013089_downsampled.jpg,Normal_Ruler
ISIC_0013090_downsampled.jpg,Normal_Ruler
ISIC_0013092_downsampled.jpg,Normal_Ruler
ISIC_0013094_downsampled.jpg,Normal_Ruler
ISIC_0013096_downsampled.jpg,Normal_Ruler
ISIC_0013097_downsampled.jpg,Normal_Ruler
ISIC_0013104_downsampled.jpg,Normal_Ruler
ISIC_0013106_downsampled.jpg,Normal_Ruler
ISIC_0013109_downsampled.jpg,Normal_Ruler
ISIC_0013112_downsampled.jpg,Normal_Ruler
ISIC_0013114_downsampled.jpg,Normal_Ruler
ISIC_0013118_downsampled.jpg,Normal_Ruler
ISIC_0013121_downsampled.jpg,Normal_Ruler
ISIC_0013124_downsampled.jpg,Normal_Ruler
ISIC_0013126_downsampled.jpg,Normal_Ruler
ISIC_0013127_downsampled.jpg,Normal_Ruler
ISIC_0013128_downsampled.jpg,Normal_Ruler
ISIC_0013129_downsampled.jpg,Normal_Ruler
ISIC_0013132_downsampled.jpg,Normal_Ruler
ISIC_0013134_downsampled.jpg,Normal_Ruler
ISIC_0013136_downsampled.jpg,Normal_Ruler
ISIC_0013140_downsampled.jpg,Normal_Ruler
ISIC_0013141_downsampled.jpg,Normal_Ruler
ISIC_0013146_downsampled.jpg,Normal_Ruler
ISIC_0013147_downsampled.jpg,Normal_Ruler
ISIC_0013150_downsampled.jpg,Normal_Ruler
ISIC_0013159_downsampled.jpg,Normal_Ruler
ISIC_0013160_downsampled.jpg,Normal_Ruler
ISIC_0013163_downsampled.jpg,Normal_Ruler
ISIC_0013165_downsampled.jpg,Normal_Ruler
ISIC_0013166_downsampled.jpg,Normal_Ruler
ISIC_0013167_downsampled.jpg,Normal_Ruler
ISIC_0013169_downsampled.jpg,Normal_Ruler
ISIC_0013170_downsampled.jpg,Normal_Ruler
ISIC_0013172_downsampled.jpg,Normal_Ruler
ISIC_0013173_downsampled.jpg,Normal_Ruler
ISIC_0013174_downsampled.jpg,Normal_Ruler
ISIC_0013176_downsampled.jpg,Normal_Ruler
ISIC_0013177_downsampled.jpg,Normal_Ruler
ISIC_0013178_downsampled.jpg,Normal_Ruler
ISIC_0013181_downsampled.jpg,Normal_Ruler
ISIC_0013184_downsampled.jpg,Normal_Ruler
ISIC_0013187_downsampled.jpg,Normal_Ruler
ISIC_0013188_downsampled.jpg,Normal_Ruler
ISIC_0013191_downsampled.jpg,Normal_Ruler
ISIC_0013192_downsampled.jpg,Normal_Ruler
ISIC_0013193_downsampled.jpg,Normal_Ruler
ISIC_0013196_downsampled.jpg,Normal_Ruler
ISIC_0013197_downsampled.jpg,Normal_Ruler
ISIC_0013198_downsampled.jpg,Normal_Ruler
ISIC_0013200_downsampled.jpg,Normal_Ruler
ISIC_0013201_downsampled.jpg,Normal_Ruler
ISIC_0013203_downsampled.jpg,Normal_Ruler
ISIC_0013204_downsampled.jpg,Normal_Ruler
ISIC_0013205_downsampled.jpg,Normal_Ruler
ISIC_0013207_downsampled.jpg,Normal_Ruler
ISIC_0013208_downsampled.jpg,Normal_Ruler
ISIC_0013212_downsampled.jpg,Normal_Ruler
ISIC_0013213_downsampled.jpg,Normal_Ruler
ISIC_0013215_downsampled.jpg,Normal_Ruler
ISIC_0013216_downsampled.jpg,Normal_Ruler
ISIC_0013217_downsampled.jpg,Normal_Ruler
ISIC_0013219_downsampled.jpg,Normal_Ruler
ISIC_0013220_downsampled.jpg,Normal_Ruler
ISIC_0013222_downsampled.jpg,Normal_Ruler
ISIC_0013223_downsampled.jpg,Normal_Ruler
ISIC_0013224_downsampled.jpg,Normal_Ruler
ISIC_0013227_downsampled.jpg,Normal_Ruler
ISIC_0013229_downsampled.jpg,Normal_Ruler
ISIC_0013230_downsampled.jpg,Normal_Ruler
ISIC_0013232_downsampled.jpg,Normal_Ruler
ISIC_0013233_downsampled.jpg,Normal_Ruler
ISIC_0013235_downsampled.jpg,Normal_Ruler
ISIC_0013236_downsampled.jpg,Normal_Ruler
ISIC_0013238_downsampled.jpg,Normal_Ruler
ISIC_0013242_downsampled.jpg,Normal_Ruler
ISIC_0013243_downsampled.jpg,Normal_Ruler
ISIC_0013244_downsampled.jpg,Normal_Ruler
ISIC_0013248_downsampled.jpg,Normal_Ruler
ISIC_0013249_downsampled.jpg,Normal_Ruler
ISIC_0013257_downsampled.jpg,Normal_Ruler
ISIC_0013258_downsampled.jpg,Normal_Ruler
ISIC_0013268_downsampled.jpg,Normal_Ruler
ISIC_0013269_downsampled.jpg,Normal_Ruler
ISIC_0013270_downsampled.jpg,Normal_Ruler
ISIC_0013271_downsampled.jpg,Normal_Ruler
ISIC_0013274_downsampled.jpg,Normal_Ruler
ISIC_0013275_downsampled.jpg,Normal_Ruler
ISIC_0013277_downsampled.jpg,Normal_Ruler
ISIC_0013281_downsampled.jpg,Normal_Ruler
ISIC_0013287_downsampled.jpg,Normal_Ruler
ISIC_0013288_downsampled.jpg,Normal_Ruler
ISIC_0013291_downsampled.jpg,Normal_Ruler
ISIC_0013294_downsampled.jpg,Normal_Ruler
ISIC_0013302_downsampled.jpg,Normal_Ruler
ISIC_0013304_downsampled.jpg,Normal_Ruler
ISIC_0013306_downsampled.jpg,Normal_Ruler
ISIC_0013310_downsampled.jpg,Normal_Ruler
ISIC_0013311_downsampled.jpg,Normal_Ruler
ISIC_0013314_downsampled.jpg,Normal_Ruler
ISIC_0013315_downsampled.jpg,Normal_Ruler
ISIC_0013316_downsampled.jpg,Normal_Ruler
ISIC_0013319_downsampled.jpg,Normal_Ruler
ISIC_0013320_downsampled.jpg,Normal_Ruler
ISIC_0013321_downsampled.jpg,Normal_Ruler
ISIC_0013325_downsampled.jpg,Normal_Ruler
ISIC_0013326_downsampled.jpg,Normal_Ruler
ISIC_0013329_downsampled.jpg,Normal_Ruler
ISIC_0013330_downsampled.jpg,Normal_Ruler
ISIC_0013333_downsampled.jpg,Normal_Ruler
ISIC_0013334_downsampled.jpg,Normal_Ruler
ISIC_0013335_downsampled.jpg,Normal_Ruler
ISIC_0013340_downsampled.jpg,Normal_Ruler
ISIC_0013341_downsampled.jpg,Normal_Ruler
ISIC_0013342_downsampled.jpg,Normal_Ruler
ISIC_0013346_downsampled.jpg,Normal_Ruler
ISIC_0013355_downsampled.jpg,Normal_Ruler
ISIC_0013356_downsampled.jpg,Normal_Ruler
ISIC_0013359_downsampled.jpg,Normal_Ruler
ISIC_0013360_downsampled.jpg,Normal_Ruler
ISIC_0013364_downsampled.jpg,Normal_Ruler
ISIC_0013365_downsampled.jpg,Normal_Ruler
ISIC_0013369_downsampled.jpg,Normal_Ruler
ISIC_0013370_downsampled.jpg,Normal_Ruler
ISIC_0013371_downsampled.jpg,Normal_Ruler
ISIC_0013374_downsampled.jpg,Normal_Ruler
ISIC_0013378_downsampled.jpg,Normal_Ruler
ISIC_0013383_downsampled.jpg,Normal_Ruler
ISIC_0013385_downsampled.jpg,Normal_Ruler
ISIC_0013390_downsampled.jpg,Normal_Ruler
ISIC_0013393_downsampled.jpg,Normal_Ruler
ISIC_0013394_downsampled.jpg,Normal_Ruler
ISIC_0013395_downsampled.jpg,Normal_Ruler
ISIC_0013397_downsampled.jpg,Normal_Ruler
ISIC_0013398_downsampled.jpg,Normal_Ruler
ISIC_0013399_downsampled.jpg,Normal_Ruler
ISIC_0013400_downsampled.jpg,Normal_Ruler
ISIC_0013403_downsampled.jpg,Normal_Ruler
ISIC_0013405_downsampled.jpg,Normal_Ruler
ISIC_0013409_downsampled.jpg,Normal_Ruler
ISIC_0013410_downsampled.jpg,Normal_Ruler
ISIC_0013411_downsampled.jpg,Normal_Ruler
ISIC_0013414_downsampled.jpg,Normal_Ruler
ISIC_0013416_downsampled.jpg,Normal_Ruler
ISIC_0013417_downsampled.jpg,Normal_Ruler
ISIC_0013421_downsampled.jpg,Normal_Ruler
ISIC_0013423_downsampled.jpg,Normal_Ruler
ISIC_0013424_downsampled.jpg,Normal_Ruler
ISIC_0013425_downsampled.jpg,Normal_Ruler
ISIC_0013427_downsampled.jpg,Normal_Ruler
ISIC_0013428_downsampled.jpg,Normal_Ruler
ISIC_0013429_downsampled.jpg,Normal_Ruler
ISIC_0013430_downsampled.jpg,Normal_Ruler
ISIC_0013432_downsampled.jpg,Normal_Ruler
ISIC_0013433_downsampled.jpg,Normal_Ruler
ISIC_0013434_downsampled.jpg,Normal_Ruler
ISIC_0013437_downsampled.jpg,Normal_Ruler
ISIC_0013438_downsampled.jpg,Normal_Ruler
ISIC_0013443_downsampled.jpg,Normal_Ruler
ISIC_0013455_downsampled.jpg,Normal_Ruler
ISIC_0013456_downsampled.jpg,Normal_Ruler
ISIC_0013457_downsampled.jpg,Normal_Ruler
ISIC_0013458_downsampled.jpg,Normal_Ruler
ISIC_0013459_downsampled.jpg,Normal_Ruler
ISIC_0013461_downsampled.jpg,Normal_Ruler
ISIC_0013465_downsampled.jpg,Normal_Ruler
ISIC_0013472_downsampled.jpg,Normal_Ruler
ISIC_0013473_downsampled.jpg,Normal_Ruler
ISIC_0013474_downsampled.jpg,Normal_Ruler
ISIC_0013486_downsampled.jpg,Normal_Ruler
ISIC_0013487_downsampled.jpg,Normal_Ruler
ISIC_0013488_downsampled.jpg,Normal_Ruler
ISIC_0013489_downsampled.jpg,Normal_Ruler
ISIC_0013490_downsampled.jpg,Normal_Ruler
ISIC_0013491_downsampled.jpg,Normal_Ruler
ISIC_0013492_downsampled.jpg,Normal_Ruler
ISIC_0013493_downsampled.jpg,Normal_Ruler
ISIC_0013494_downsampled.jpg,Normal_Ruler
ISIC_0013495_downsampled.jpg,Normal_Ruler
ISIC_0013497_downsampled.jpg,Normal_Ruler
ISIC_0013498_downsampled.jpg,Normal_Ruler
ISIC_0013499_downsampled.jpg,Normal_Ruler
ISIC_0013500_downsampled.jpg,Normal_Ruler
ISIC_0013501_downsampled.jpg,Normal_Ruler
ISIC_0013511_downsampled.jpg,Normal_Ruler
ISIC_0013512_downsampled.jpg,Normal_Ruler
ISIC_0013516_downsampled.jpg,Normal_Ruler
ISIC_0013517_downsampled.jpg,Normal_Ruler
ISIC_0013518_downsampled.jpg,Normal_Ruler
ISIC_0013523_downsampled.jpg,Normal_Ruler
ISIC_0013525_downsampled.jpg,Normal_Ruler
ISIC_0013526_downsampled.jpg,Normal_Ruler
ISIC_0013527_downsampled.jpg,Normal_Ruler
ISIC_0013529_downsampled.jpg,Normal_Ruler
ISIC_0013530_downsampled.jpg,Normal_Ruler
ISIC_0013549_downsampled.jpg,Normal_Ruler
ISIC_0013552_downsampled.jpg,Normal_Ruler
ISIC_0013553_downsampled.jpg,Normal_Ruler
ISIC_0013554_downsampled.jpg,Normal_Ruler
ISIC_0013558_downsampled.jpg,Normal_Ruler
ISIC_0013559_downsampled.jpg,Normal_Ruler
ISIC_0013561_downsampled.jpg,Normal_Ruler
ISIC_0013562_downsampled.jpg,Normal_Ruler
ISIC_0013565_downsampled.jpg,Normal_Ruler
ISIC_0013567_downsampled.jpg,Normal_Ruler
ISIC_0013568_downsampled.jpg,Normal_Ruler
ISIC_0013572_downsampled.jpg,Normal_Ruler
ISIC_0013573_downsampled.jpg,Normal_Ruler
ISIC_0013577_downsampled.jpg,Normal_Ruler
ISIC_0013578_downsampled.jpg,Normal_Ruler
ISIC_0013579_downsampled.jpg,Normal_Ruler
ISIC_0013581_downsampled.jpg,Normal_Ruler
ISIC_0013584_downsampled.jpg,Normal_Ruler
ISIC_0013585_downsampled.jpg,Normal_Ruler
ISIC_0013588_downsampled.jpg,Normal_Ruler
ISIC_0013592_downsampled.jpg,Normal_Ruler
ISIC_0013594_downsampled.jpg,Normal_Ruler
ISIC_0013595_downsampled.jpg,Normal_Ruler
ISIC_0013596_downsampled.jpg,Normal_Ruler
ISIC_0013597_downsampled.jpg,Normal_Ruler
ISIC_0013599_downsampled.jpg,Normal_Ruler
ISIC_0013600_downsampled.jpg,Normal_Ruler
ISIC_0013601_downsampled.jpg,Normal_Ruler
ISIC_0013602_downsampled.jpg,Normal_Ruler
ISIC_0013603_downsampled.jpg,Normal_Ruler
ISIC_0013606_downsampled.jpg,Normal_Ruler
ISIC_0013610_downsampled.jpg,Normal_Ruler
ISIC_0013615_downsampled.jpg,Normal_Ruler
ISIC_0013617_downsampled.jpg,Normal_Ruler
ISIC_0013618_downsampled.jpg,Normal_Ruler
ISIC_0013621_downsampled.jpg,Normal_Ruler
ISIC_0013625_downsampled.jpg,Normal_Ruler
ISIC_0013626_downsampled.jpg,Normal_Ruler
ISIC_0013632_downsampled.jpg,Normal_Ruler
ISIC_0013634_downsampled.jpg,Normal_Ruler
ISIC_0013635_downsampled.jpg,Normal_Ruler
ISIC_0013636_downsampled.jpg,Normal_Ruler
ISIC_0013637_downsampled.jpg,Normal_Ruler
ISIC_0013639_downsampled.jpg,Normal_Ruler
ISIC_0013643_downsampled.jpg,Normal_Ruler
ISIC_0013644_downsampled.jpg,Normal_Ruler
ISIC_0013651_downsampled.jpg,Normal_Ruler
ISIC_0013652_downsampled.jpg,Normal_Ruler
ISIC_0013656_downsampled.jpg,Normal_Ruler
ISIC_0013663_downsampled.jpg,Normal_Ruler
ISIC_0013664_downsampled.jpg,Normal_Ruler
ISIC_0013667_downsampled.jpg,Normal_Ruler
ISIC_0013671_downsampled.jpg,Normal_Ruler
ISIC_0013672_downsampled.jpg,Normal_Ruler
ISIC_0013673_downsampled.jpg,Normal_Ruler
ISIC_0013674_downsampled.jpg,Normal_Ruler
ISIC_0013675_downsampled.jpg,Normal_Ruler
ISIC_0013676_downsampled.jpg,Normal_Ruler
ISIC_0013678_downsampled.jpg,Normal_Ruler
ISIC_0013680_downsampled.jpg,Normal_Ruler
ISIC_0013682_downsampled.jpg,Normal_Ruler
ISIC_0013684_downsampled.jpg,Normal_Ruler
ISIC_0013685_downsampled.jpg,Normal_Ruler
ISIC_0013687_downsampled.jpg,Normal_Ruler
ISIC_0013688_downsampled.jpg,Normal_Ruler
ISIC_0013689_downsampled.jpg,Normal_Ruler
ISIC_0013690_downsampled.jpg,Normal_Ruler
ISIC_0013691_downsampled.jpg,Normal_Ruler
ISIC_0013695_downsampled.jpg,Normal_Ruler
ISIC_0013696_downsampled.jpg,Normal_Ruler
ISIC_0013706_downsampled.jpg,Normal_Ruler
ISIC_0013709_downsampled.jpg,Normal_Ruler
ISIC_0013712_downsampled.jpg,Normal_Ruler
ISIC_0013713_downsampled.jpg,Normal_Ruler
ISIC_0013719_downsampled.jpg,Normal_Ruler
ISIC_0013721_downsampled.jpg,Normal_Ruler
ISIC_0013725_downsampled.jpg,Normal_Ruler
ISIC_0013731_downsampled.jpg,Normal_Ruler
ISIC_0013733_downsampled.jpg,Normal_Ruler
ISIC_0013736_downsampled.jpg,Normal_Ruler
ISIC_0013737_downsampled.jpg,Normal_Ruler
ISIC_0013738_downsampled.jpg,Normal_Ruler
ISIC_0013739_downsampled.jpg,Normal_Ruler
ISIC_0013740_downsampled.jpg,Normal_Ruler
ISIC_0013742_downsampled.jpg,Normal_Ruler
ISIC_0013747_downsampled.jpg,Normal_Ruler
ISIC_0013748_downsampled.jpg,Normal_Ruler
ISIC_0013749_downsampled.jpg,Normal_Ruler
ISIC_0013758_downsampled.jpg,Normal_Ruler
ISIC_0013762_downsampled.jpg,Normal_Ruler
ISIC_0013764_downsampled.jpg,Normal_Ruler
ISIC_0013765_downsampled.jpg,Normal_Ruler
ISIC_0013766_downsampled.jpg,Normal_Ruler
ISIC_0013767_downsampled.jpg,Normal_Ruler
ISIC_0013772_downsampled.jpg,Normal_Ruler
ISIC_0013775_downsampled.jpg,Normal_Ruler
ISIC_0013777_downsampled.jpg,Normal_Ruler
ISIC_0013778_downsampled.jpg,Normal_Ruler
ISIC_0000171.jpg,Thick_Ruler
ISIC_0000176_downsampled.jpg,Thick_Ruler
ISIC_0010025.jpg,Thick_Ruler
ISIC_0010077.jpg,Thick_Ruler
ISIC_0010177.jpg,Thick_Ruler
ISIC_0010606.jpg,Thick_Ruler
ISIC_0010850.jpg,Thick_Ruler
ISIC_0011118.jpg,Thick_Ruler
ISIC_0011372.jpg,Thick_Ruler
