concept,layer,emblem_0,emblem_1,emblem0_gt_emblem1
blue_whitish_veil_positive,conv5_block1_out,7.531668663024902,3.5643932819366455,True
blue_whitish_veil_positive,conv5_block2_out,6.108000755310059,0.5284993052482605,True
blue_whitish_veil_positive,conv5_block3_out,12.497844696044922,8.011910438537598,True
blue_whitish_veil_positive,post_relu,20.048015594482422,11.703465461730957,True
dots_and_globules_irregular_positive_plus_dots_and_globules_regular-positive,conv5_block1_out,10.278267860412598,7.877922534942627,True
dots_and_globules_irregular_positive_plus_dots_and_globules_regular-positive,conv5_block2_out,10.789477348327637,8.414478302001953,True
dots_and_globules_irregular_positive_plus_dots_and_globules_regular-positive,conv5_block3_out,13.03644847869873,10.88935661315918,True
dots_and_globules_irregular_positive_plus_dots_and_globules_regular-positive,post_relu,20.865230560302734,16.175058364868164,True
dots_and_globules_regular_positive_plus_dots_and_globules_irregular-positive,conv5_block1_out,2.9618749618530273,1.7230345010757446,True
dots_and_globules_regular_positive_plus_dots_and_globules_irregular-positive,conv5_block2_out,3.995730400085449,2.9456446170806885,True
dots_and_globules_regular_positive_plus_dots_and_globules_irregular-positive,conv5_block3_out,5.3745317459106445,3.751577138900757,True
dots_and_globules_regular_positive_plus_dots_and_globules_irregular-positive,post_relu,14.282173156738281,8.909361839294434,True
pigment_network_atypical_positive_plus_pigment_network_typical-positive,conv5_block1_out,10.207223892211914,7.8730788230896,True
pigment_network_atypical_positive_plus_pigment_network_typical-positive,conv5_block2_out,9.933940887451172,7.685011863708496,True
pigment_network_atypical_positive_plus_pigment_network_typical-positive,conv5_block3_out,12.28945541381836,9.734404563903809,True
pigment_network_atypical_positive_plus_pigment_network_typical-positive,post_relu,23.760129928588867,17.841123580932617,True
pigment_network_typical_positive_plus_pigment_network_atypical-positive,conv5_block1_out,5.821065425872803,2.7629446983337402,True
pigment_network_typical_positive_plus_pigment_network_atypical-positive,conv5_block2_out,6.052850246429443,4.395212173461914,True
pigment_network_typical_positive_plus_pigment_network_atypical-positive,conv5_block3_out,5.068733215332031,3.8028407096862793,True
pigment_network_typical_positive_plus_pigment_network_atypical-positive,post_relu,19.62418556213379,9.412482261657715,True
pigmentation_positive,conv5_block1_out,8.548835754394531,6.687548637390137,True
pigmentation_positive,conv5_block2_out,8.329472541809082,6.588237285614014,True
pigmentation_positive,conv5_block3_out,7.342152118682861,5.855725288391113,True
pigmentation_positive,post_relu,7.383789539337158,4.482243061065674,True
regression_structures_positive,conv5_block1_out,2.304056406021118,0.0,True
regression_structures_positive,conv5_block2_out,2.008951425552368,0.0,True
regression_structures_positive,conv5_block3_out,5.82375955581665,3.859421491622925,True
regression_structures_positive,post_relu,17.067447662353516,12.030671119689941,True
streaks_irregular_positive_plus_streaks_regular-positive,conv5_block1_out,6.28975772857666,3.0535051822662354,True
streaks_irregular_positive_plus_streaks_regular-positive,conv5_block2_out,5.838852405548096,2.598588466644287,True
streaks_irregular_positive_plus_streaks_regular-positive,conv5_block3_out,10.652368545532227,6.95710563659668,True
streaks_irregular_positive_plus_streaks_regular-positive,post_relu,19.618810653686523,12.161407470703125,True
streaks_regular_positive_plus_streaks_irregular-positive,conv5_block1_out,0.0,0.0,False
streaks_regular_positive_plus_streaks_irregular-positive,conv5_block2_out,0.0,0.0,False
streaks_regular_positive_plus_streaks_irregular-positive,conv5_block3_out,1.7654961347579956,0.0,True
streaks_regular_positive_plus_streaks_irregular-positive,post_relu,14.383893013000488,9.777508735656738,True
vascular_structures_positive,conv5_block1_out,2.471994161605835,0.7389355897903442,True
vascular_structures_positive,conv5_block2_out,0.0,0.0,False
vascular_structures_positive,conv5_block3_out,4.718568801879883,2.023160457611084,True
vascular_structures_positive,post_relu,19.73080825805664,12.304594039916992,True
